orig_id,mat_key,data_idx,label_1,annotator_1,label_2,annotator_2,csv_3,label_3,annotator_3,threshold_label,rat_id,agreement_all,agreement_all_threshold,agreement_1_2,agreement_1_3,agreement_2_3,agreement_1_2_3,majority_vote,agreement_majority_threshold
5,GC_complex_swr_ratID210_veh,5,swr,1,cswr,2,/data/local-files/?d=Desktop/ripple-classifier-data-labeling/labeling_data_400_v2/5_id.csv,cswr,3,cswr,ratID210,False,False,False,False,True,False,cswr,True
7,GC_complex_swr_ratID210_veh,7,swr,1,discarded,2,/data/local-files/?d=Desktop/ripple-classifier-data-labeling/labeling_data_400_v2/7_id.csv,cswr,3,cswr,ratID210,False,False,False,False,False,False,discarded_agreement,False
22,GC_complex_swr_ratID210_veh,22,cswr,1,cswr,2,/data/local-files/?d=Desktop/ripple-classifier-data-labeling/labeling_data_400_v2/22_id.csv,cswr,3,cswr,ratID210,True,False,True,True,True,True,cswr,True
23,GC_complex_swr_ratID210_veh,23,swr,1,swr,2,/data/local-files/?d=Desktop/ripple-classifier-data-labeling/labeling_data_400_v2/23_id.csv,cswr,3,cswr,ratID210,False,False,True,False,False,False,swr,False
27,GC_complex_swr_ratID210_veh,27,swr,1,swr,2,/data/local-files/?d=Desktop/ripple-classifier-data-labeling/labeling_data_400_v2/27_id.csv,swr,3,cswr,ratID210,True,False,True,True,True,True,swr,False
29,GC_complex_swr_ratID210_veh,29,cswr,1,discarded,2,/data/local-files/?d=Desktop/ripple-classifier-data-labeling/labeling_data_400_v2/29_id.csv,swr,3,cswr,ratID210,False,False,False,False,False,False,discarded_agreement,False
35,GC_complex_swr_ratID210_veh,35,discarded,1,swr,2,/data/local-files/?d=Desktop/ripple-classifier-data-labeling/labeling_data_400_v2/35_id.csv,swr,3,cswr,ratID210,False,False,False,False,True,False,swr,False
46,GC_complex_swr_ratID210_veh,46,swr,1,cswr,2,/data/local-files/?d=Desktop/ripple-classifier-data-labeling/labeling_data_400_v2/46_id.csv,cswr,3,cswr,ratID210,False,False,False,False,True,False,cswr,True
49,GC_complex_swr_ratID210_veh,49,cswr,1,cswr,2,/data/local-files/?d=Desktop/ripple-classifier-data-labeling/labeling_data_400_v2/49_id.csv,cswr,3,cswr,ratID210,True,False,True,True,True,True,cswr,True
54,GC_complex_swr_ratID210_veh,54,swr,1,cswr,2,/data/local-files/?d=Desktop/ripple-classifier-data-labeling/labeling_data_400_v2/54_id.csv,cswr,3,cswr,ratID210,False,False,False,False,True,False,cswr,True
57,GC_complex_swr_ratID210_veh,57,swr,1,swr,2,/data/local-files/?d=Desktop/ripple-classifier-data-labeling/labeling_data_400_v2/57_id.csv,swr,3,cswr,ratID210,True,False,True,True,True,True,swr,False
118,GC_ripple_ratID210_veh,38,cswr,1,cswr,2,/data/local-files/?d=Desktop/ripple-classifier-data-labeling/labeling_data_400_v2/118_id.csv,cswr,3,ripple,ratID210,True,False,True,True,True,True,cswr,False
142,GC_ripple_ratID210_veh,62,swr,1,swr,2,/data/local-files/?d=Desktop/ripple-classifier-data-labeling/labeling_data_400_v2/142_id.csv,swr,3,ripple,ratID210,True,False,True,True,True,True,swr,False
151,GC_ripple_ratID210_veh,71,swr,1,swr,2,/data/local-files/?d=Desktop/ripple-classifier-data-labeling/labeling_data_400_v2/151_id.csv,cswr,3,ripple,ratID210,False,False,True,False,False,False,swr,False
178,GC_ripple_ratID210_veh,98,cswr,1,cswr,2,/data/local-files/?d=Desktop/ripple-classifier-data-labeling/labeling_data_400_v2/178_id.csv,cswr,3,ripple,ratID210,True,False,True,True,True,True,cswr,False
221,GC_ripple_ratID210_veh,141,swr,1,discarded,2,/data/local-files/?d=Desktop/ripple-classifier-data-labeling/labeling_data_400_v2/221_id.csv,cswr,3,ripple,ratID210,False,False,False,False,False,False,discarded_agreement,False
271,GC_ripple_ratID210_veh,191,discarded,1,cswr,2,/data/local-files/?d=Desktop/ripple-classifier-data-labeling/labeling_data_400_v2/271_id.csv,cswr,3,ripple,ratID210,False,False,False,False,True,False,cswr,False
276,GC_ripple_ratID210_veh,196,discarded,1,discarded,2,/data/local-files/?d=Desktop/ripple-classifier-data-labeling/labeling_data_400_v2/276_id.csv,discarded,3,ripple,ratID210,True,False,True,True,True,True,discarded,False
316,GC_ripple_ratID210_veh,236,ripple,1,discarded,2,/data/local-files/?d=Desktop/ripple-classifier-data-labeling/labeling_data_400_v2/316_id.csv,cswr,3,ripple,ratID210,False,False,False,False,False,False,discarded_agreement,False
367,GC_ripple_ratID210_veh,287,discarded,1,discarded,2,/data/local-files/?d=Desktop/ripple-classifier-data-labeling/labeling_data_400_v2/367_id.csv,discarded,3,ripple,ratID210,True,False,True,True,True,True,discarded,False
388,GC_ripple_ratID210_veh,308,discarded,1,discarded,2,/data/local-files/?d=Desktop/ripple-classifier-data-labeling/labeling_data_400_v2/388_id.csv,discarded,3,ripple,ratID210,True,False,True,True,True,True,discarded,False
461,GC_ripple_ratID210_veh,381,swr,1,cswr,2,/data/local-files/?d=Desktop/ripple-classifier-data-labeling/labeling_data_400_v2/461_id.csv,cswr,3,ripple,ratID210,False,False,False,False,True,False,cswr,False
624,GC_sw_ratID210_veh,28,swr,1,swr,2,/data/local-files/?d=Desktop/ripple-classifier-data-labeling/labeling_data_400_v2/624_id.csv,swr,3,sw,ratID210,True,False,True,True,True,True,swr,False
645,GC_sw_ratID210_veh,49,swr,1,swr,2,/data/local-files/?d=Desktop/ripple-classifier-data-labeling/labeling_data_400_v2/645_id.csv,swr,3,sw,ratID210,True,False,True,True,True,True,swr,False
651,GC_sw_ratID210_veh,55,sw,1,sw,2,/data/local-files/?d=Desktop/ripple-classifier-data-labeling/labeling_data_400_v2/651_id.csv,sw,3,sw,ratID210,True,False,True,True,True,True,sw,True
663,GC_sw_ratID210_veh,67,swr,1,sw,2,/data/local-files/?d=Desktop/ripple-classifier-data-labeling/labeling_data_400_v2/663_id.csv,sw,3,sw,ratID210,False,False,False,False,True,False,sw,True
677,GC_sw_ratID210_veh,81,sw,1,sw,2,/data/local-files/?d=Desktop/ripple-classifier-data-labeling/labeling_data_400_v2/677_id.csv,sw,3,sw,ratID210,True,False,True,True,True,True,sw,True
685,GC_sw_ratID210_veh,89,sw,1,sw,2,/data/local-files/?d=Desktop/ripple-classifier-data-labeling/labeling_data_400_v2/685_id.csv,sw,3,sw,ratID210,True,False,True,True,True,True,sw,True
713,GC_sw_ratID210_veh,117,swr,1,swr,2,/data/local-files/?d=Desktop/ripple-classifier-data-labeling/labeling_data_400_v2/713_id.csv,swr,3,sw,ratID210,True,False,True,True,True,True,swr,False
738,GC_sw_ratID210_veh,142,swr,1,discarded,2,/data/local-files/?d=Desktop/ripple-classifier-data-labeling/labeling_data_400_v2/738_id.csv,cswr,3,sw,ratID210,False,False,False,False,False,False,discarded_agreement,False
744,GC_sw_ratID210_veh,148,sw,1,discarded,2,/data/local-files/?d=Desktop/ripple-classifier-data-labeling/labeling_data_400_v2/744_id.csv,sw,3,sw,ratID210,False,False,False,True,False,False,sw,True
777,GC_sw_ratID210_veh,181,sw,1,discarded,2,/data/local-files/?d=Desktop/ripple-classifier-data-labeling/labeling_data_400_v2/777_id.csv,swr,3,sw,ratID210,False,False,False,False,False,False,discarded_agreement,False
815,GC_sw_ratID210_veh,219,sw,1,sw,2,/data/local-files/?d=Desktop/ripple-classifier-data-labeling/labeling_data_400_v2/815_id.csv,cswr,3,sw,ratID210,False,False,True,False,False,False,sw,True
822,GC_sw_ratID210_veh,226,sw,1,sw,2,/data/local-files/?d=Desktop/ripple-classifier-data-labeling/labeling_data_400_v2/822_id.csv,swr,3,sw,ratID210,False,False,True,False,False,False,sw,True
851,GC_swr_ratID210_veh,4,discarded,1,discarded,2,/data/local-files/?d=Desktop/ripple-classifier-data-labeling/labeling_data_400_v2/851_id.csv,discarded,3,swr,ratID210,True,False,True,True,True,True,discarded,False
938,GC_swr_ratID210_veh,91,swr,1,cswr,2,/data/local-files/?d=Desktop/ripple-classifier-data-labeling/labeling_data_400_v2/938_id.csv,cswr,3,swr,ratID210,False,False,False,False,True,False,cswr,False
949,GC_swr_ratID210_veh,102,swr,1,swr,2,/data/local-files/?d=Desktop/ripple-classifier-data-labeling/labeling_data_400_v2/949_id.csv,swr,3,swr,ratID210,True,False,True,True,True,True,swr,True
1096,GC_swr_ratID210_veh,249,swr,1,swr,2,/data/local-files/?d=Desktop/ripple-classifier-data-labeling/labeling_data_400_v2/1096_id.csv,swr,3,swr,ratID210,True,False,True,True,True,True,swr,True
1097,GC_swr_ratID210_veh,250,swr,1,cswr,2,/data/local-files/?d=Desktop/ripple-classifier-data-labeling/labeling_data_400_v2/1097_id.csv,cswr,3,swr,ratID210,False,False,False,False,True,False,cswr,False
1132,GC_swr_ratID210_veh,285,swr,1,cswr,2,/data/local-files/?d=Desktop/ripple-classifier-data-labeling/labeling_data_400_v2/1132_id.csv,cswr,3,swr,ratID210,False,False,False,False,True,False,cswr,False
1154,GC_swr_ratID210_veh,307,swr,1,swr,2,/data/local-files/?d=Desktop/ripple-classifier-data-labeling/labeling_data_400_v2/1154_id.csv,swr,3,swr,ratID210,True,False,True,True,True,True,swr,True
1175,GC_swr_ratID210_veh,328,swr,1,swr,2,/data/local-files/?d=Desktop/ripple-classifier-data-labeling/labeling_data_400_v2/1175_id.csv,swr,3,swr,ratID210,True,False,True,True,True,True,swr,True
1238,GC_swr_ratID210_veh,391,cswr,1,swr,2,/data/local-files/?d=Desktop/ripple-classifier-data-labeling/labeling_data_400_v2/1238_id.csv,swr,3,swr,ratID210,False,False,False,False,True,False,swr,True
1239,GC_swr_ratID210_veh,392,cswr,1,cswr,2,/data/local-files/?d=Desktop/ripple-classifier-data-labeling/labeling_data_400_v2/1239_id.csv,cswr,3,swr,ratID210,True,False,True,True,True,True,cswr,False
1251,GC_swr_ratID210_veh,404,swr,1,swr,2,/data/local-files/?d=Desktop/ripple-classifier-data-labeling/labeling_data_400_v2/1251_id.csv,cswr,3,swr,ratID210,False,False,True,False,False,False,swr,True
1288,GC_complex_swr_ratID203_veh,32,discarded,1,discarded,2,/data/local-files/?d=Desktop/ripple-classifier-data-labeling/labeling_data_400_v2/1288_id.csv,discarded,3,cswr,ratID203,True,False,True,True,True,True,discarded,False
1328,GC_complex_swr_ratID203_veh,72,discarded,1,discarded,2,/data/local-files/?d=Desktop/ripple-classifier-data-labeling/labeling_data_400_v2/1328_id.csv,discarded,3,cswr,ratID203,True,False,True,True,True,True,discarded,False
1356,GC_complex_swr_ratID203_veh,100,cswr,1,cswr,2,/data/local-files/?d=Desktop/ripple-classifier-data-labeling/labeling_data_400_v2/1356_id.csv,cswr,3,cswr,ratID203,True,False,True,True,True,True,cswr,True
1370,GC_complex_swr_ratID203_veh,114,swr,1,cswr,2,/data/local-files/?d=Desktop/ripple-classifier-data-labeling/labeling_data_400_v2/1370_id.csv,cswr,3,cswr,ratID203,False,False,False,False,True,False,cswr,True
1389,GC_complex_swr_ratID203_veh,133,cswr,1,swr,2,/data/local-files/?d=Desktop/ripple-classifier-data-labeling/labeling_data_400_v2/1389_id.csv,swr,3,cswr,ratID203,False,False,False,False,True,False,swr,False
1397,GC_complex_swr_ratID203_veh,141,cswr,1,cswr,2,/data/local-files/?d=Desktop/ripple-classifier-data-labeling/labeling_data_400_v2/1397_id.csv,cswr,3,cswr,ratID203,True,False,True,True,True,True,cswr,True
1434,GC_complex_swr_ratID203_veh,178,swr,1,discarded,2,/data/local-files/?d=Desktop/ripple-classifier-data-labeling/labeling_data_400_v2/1434_id.csv,discarded,3,cswr,ratID203,False,False,False,False,True,False,discarded,False
1474,GC_complex_swr_ratID203_veh,218,swr,1,swr,2,/data/local-files/?d=Desktop/ripple-classifier-data-labeling/labeling_data_400_v2/1474_id.csv,swr,3,cswr,ratID203,True,False,True,True,True,True,swr,False
1493,GC_complex_swr_ratID203_veh,237,cswr,1,swr,2,/data/local-files/?d=Desktop/ripple-classifier-data-labeling/labeling_data_400_v2/1493_id.csv,swr,3,cswr,ratID203,False,False,False,False,True,False,swr,False
1511,GC_complex_swr_ratID203_veh,255,swr,1,cswr,2,/data/local-files/?d=Desktop/ripple-classifier-data-labeling/labeling_data_400_v2/1511_id.csv,cswr,3,cswr,ratID203,False,False,False,False,True,False,cswr,True
1514,GC_complex_swr_ratID203_veh,258,swr,1,swr,2,/data/local-files/?d=Desktop/ripple-classifier-data-labeling/labeling_data_400_v2/1514_id.csv,cswr,3,cswr,ratID203,False,False,True,False,False,False,swr,False
1548,GC_ripple_ratID203_veh,30,cswr,1,cswr,2,/data/local-files/?d=Desktop/ripple-classifier-data-labeling/labeling_data_400_v2/1548_id.csv,discarded,3,ripple,ratID203,False,False,True,False,False,False,cswr,False
1568,GC_ripple_ratID203_veh,50,swr,1,cswr,2,/data/local-files/?d=Desktop/ripple-classifier-data-labeling/labeling_data_400_v2/1568_id.csv,discarded,3,ripple,ratID203,False,False,False,False,False,False,discarded_agreement,False
1615,GC_ripple_ratID203_veh,97,swr,1,swr,2,/data/local-files/?d=Desktop/ripple-classifier-data-labeling/labeling_data_400_v2/1615_id.csv,discarded,3,ripple,ratID203,False,False,True,False,False,False,swr,False
1621,GC_ripple_ratID203_veh,103,cswr,1,discarded,2,/data/local-files/?d=Desktop/ripple-classifier-data-labeling/labeling_data_400_v2/1621_id.csv,cswr,3,ripple,ratID203,False,False,False,True,False,False,cswr,False
1629,GC_ripple_ratID203_veh,111,discarded,1,ripple,2,/data/local-files/?d=Desktop/ripple-classifier-data-labeling/labeling_data_400_v2/1629_id.csv,discarded,3,ripple,ratID203,False,False,False,True,False,False,discarded,False
1642,GC_ripple_ratID203_veh,124,swr,1,cswr,2,/data/local-files/?d=Desktop/ripple-classifier-data-labeling/labeling_data_400_v2/1642_id.csv,cswr,3,ripple,ratID203,False,False,False,False,True,False,cswr,False
1660,GC_ripple_ratID203_veh,142,discarded,1,discarded,2,/data/local-files/?d=Desktop/ripple-classifier-data-labeling/labeling_data_400_v2/1660_id.csv,discarded,3,ripple,ratID203,True,False,True,True,True,True,discarded,False
1667,GC_ripple_ratID203_veh,149,cswr,1,cswr,2,/data/local-files/?d=Desktop/ripple-classifier-data-labeling/labeling_data_400_v2/1667_id.csv,cswr,3,ripple,ratID203,True,False,True,True,True,True,cswr,False
1715,GC_ripple_ratID203_veh,197,swr,1,swr,2,/data/local-files/?d=Desktop/ripple-classifier-data-labeling/labeling_data_400_v2/1715_id.csv,swr,3,ripple,ratID203,True,False,True,True,True,True,swr,False
1724,GC_ripple_ratID203_veh,206,swr,1,swr,2,/data/local-files/?d=Desktop/ripple-classifier-data-labeling/labeling_data_400_v2/1724_id.csv,sw,3,ripple,ratID203,False,False,True,False,False,False,swr,False
1753,GC_ripple_ratID203_veh,235,sw,1,discarded,2,/data/local-files/?d=Desktop/ripple-classifier-data-labeling/labeling_data_400_v2/1753_id.csv,cswr,3,ripple,ratID203,False,False,False,False,False,False,discarded_agreement,False
1902,GC_sw_ratID203_veh,116,swr,1,discarded,2,/data/local-files/?d=Desktop/ripple-classifier-data-labeling/labeling_data_400_v2/1902_id.csv,swr,3,sw,ratID203,False,False,False,True,False,False,swr,False
1936,GC_sw_ratID203_veh,150,sw,1,sw,2,/data/local-files/?d=Desktop/ripple-classifier-data-labeling/labeling_data_400_v2/1936_id.csv,sw,3,sw,ratID203,True,False,True,True,True,True,sw,True
2033,GC_sw_ratID203_veh,247,sw,1,sw,2,/data/local-files/?d=Desktop/ripple-classifier-data-labeling/labeling_data_400_v2/2033_id.csv,cswr,3,sw,ratID203,False,False,True,False,False,False,sw,True
2100,GC_sw_ratID203_veh,314,sw,1,discarded,2,/data/local-files/?d=Desktop/ripple-classifier-data-labeling/labeling_data_400_v2/2100_id.csv,swr,3,sw,ratID203,False,False,False,False,False,False,discarded_agreement,False
2136,GC_sw_ratID203_veh,350,sw,1,swr,2,/data/local-files/?d=Desktop/ripple-classifier-data-labeling/labeling_data_400_v2/2136_id.csv,swr,3,sw,ratID203,False,False,False,False,True,False,swr,False
2166,GC_sw_ratID203_veh,380,sw,1,sw,2,/data/local-files/?d=Desktop/ripple-classifier-data-labeling/labeling_data_400_v2/2166_id.csv,sw,3,sw,ratID203,True,False,True,True,True,True,sw,True
2225,GC_sw_ratID203_veh,439,swr,1,swr,2,/data/local-files/?d=Desktop/ripple-classifier-data-labeling/labeling_data_400_v2/2225_id.csv,swr,3,sw,ratID203,True,False,True,True,True,True,swr,False
2310,GC_sw_ratID203_veh,524,swr,1,discarded,2,/data/local-files/?d=Desktop/ripple-classifier-data-labeling/labeling_data_400_v2/2310_id.csv,cswr,3,sw,ratID203,False,False,False,False,False,False,discarded_agreement,False
2403,GC_sw_ratID203_veh,617,sw,1,sw,2,/data/local-files/?d=Desktop/ripple-classifier-data-labeling/labeling_data_400_v2/2403_id.csv,sw,3,sw,ratID203,True,False,True,True,True,True,sw,True
2406,GC_sw_ratID203_veh,620,swr,1,swr,2,/data/local-files/?d=Desktop/ripple-classifier-data-labeling/labeling_data_400_v2/2406_id.csv,cswr,3,sw,ratID203,False,False,True,False,False,False,swr,False
2416,GC_sw_ratID203_veh,630,swr,1,swr,2,/data/local-files/?d=Desktop/ripple-classifier-data-labeling/labeling_data_400_v2/2416_id.csv,sw,3,sw,ratID203,False,False,True,False,False,False,swr,False
2452,GC_sw_ratID203_veh,666,swr,1,cswr,2,/data/local-files/?d=Desktop/ripple-classifier-data-labeling/labeling_data_400_v2/2452_id.csv,cswr,3,sw,ratID203,False,False,False,False,True,False,cswr,False
2596,GC_swr_ratID203_veh,98,swr,1,cswr,2,/data/local-files/?d=Desktop/ripple-classifier-data-labeling/labeling_data_400_v2/2596_id.csv,cswr,3,swr,ratID203,False,False,False,False,True,False,cswr,False
2635,GC_swr_ratID203_veh,137,cswr,1,discarded,2,/data/local-files/?d=Desktop/ripple-classifier-data-labeling/labeling_data_400_v2/2635_id.csv,cswr,3,swr,ratID203,False,False,False,True,False,False,cswr,False
2638,GC_swr_ratID203_veh,140,swr,1,swr,2,/data/local-files/?d=Desktop/ripple-classifier-data-labeling/labeling_data_400_v2/2638_id.csv,swr,3,swr,ratID203,True,False,True,True,True,True,swr,True
2661,GC_swr_ratID203_veh,163,swr,1,cswr,2,/data/local-files/?d=Desktop/ripple-classifier-data-labeling/labeling_data_400_v2/2661_id.csv,cswr,3,swr,ratID203,False,False,False,False,True,False,cswr,False
2678,GC_swr_ratID203_veh,180,swr,1,swr,2,/data/local-files/?d=Desktop/ripple-classifier-data-labeling/labeling_data_400_v2/2678_id.csv,cswr,3,swr,ratID203,False,False,True,False,False,False,swr,True
2683,GC_swr_ratID203_veh,185,swr,1,swr,2,/data/local-files/?d=Desktop/ripple-classifier-data-labeling/labeling_data_400_v2/2683_id.csv,cswr,3,swr,ratID203,False,False,True,False,False,False,swr,True
2732,GC_swr_ratID203_veh,234,swr,1,cswr,2,/data/local-files/?d=Desktop/ripple-classifier-data-labeling/labeling_data_400_v2/2732_id.csv,cswr,3,swr,ratID203,False,False,False,False,True,False,cswr,False
2784,GC_swr_ratID203_veh,286,swr,1,cswr,2,/data/local-files/?d=Desktop/ripple-classifier-data-labeling/labeling_data_400_v2/2784_id.csv,cswr,3,swr,ratID203,False,False,False,False,True,False,cswr,False
2827,GC_swr_ratID203_veh,329,discarded,1,discarded,2,/data/local-files/?d=Desktop/ripple-classifier-data-labeling/labeling_data_400_v2/2827_id.csv,discarded,3,swr,ratID203,True,False,True,True,True,True,discarded,False
2941,GC_swr_ratID203_veh,443,discarded,1,ripple,2,/data/local-files/?d=Desktop/ripple-classifier-data-labeling/labeling_data_400_v2/2941_id.csv,ripple,3,swr,ratID203,False,False,False,False,True,False,ripple,False
2942,GC_swr_ratID203_veh,444,ripple,1,discarded,2,/data/local-files/?d=Desktop/ripple-classifier-data-labeling/labeling_data_400_v2/2942_id.csv,cswr,3,swr,ratID203,False,False,False,False,False,False,discarded_agreement,False
2948,GC_swr_ratID203_veh,450,swr,1,swr,2,/data/local-files/?d=Desktop/ripple-classifier-data-labeling/labeling_data_400_v2/2948_id.csv,swr,3,swr,ratID203,True,False,True,True,True,True,swr,True
2989,GC_complex_swr_ratID3_veh,3,swr,1,swr,2,/data/local-files/?d=Desktop/ripple-classifier-data-labeling/labeling_data_400_v2/2989_id.csv,cswr,3,cswr,ratID3,False,False,True,False,False,False,swr,False
3001,GC_complex_swr_ratID3_veh,15,ripple,1,cswr,2,/data/local-files/?d=Desktop/ripple-classifier-data-labeling/labeling_data_400_v2/3001_id.csv,discarded,3,cswr,ratID3,False,False,False,False,False,False,discarded_agreement,False
3005,GC_complex_swr_ratID3_veh,19,swr,1,swr,2,/data/local-files/?d=Desktop/ripple-classifier-data-labeling/labeling_data_400_v2/3005_id.csv,swr,3,cswr,ratID3,True,False,True,True,True,True,swr,False
3006,GC_complex_swr_ratID3_veh,20,sw,1,discarded,2,/data/local-files/?d=Desktop/ripple-classifier-data-labeling/labeling_data_400_v2/3006_id.csv,sw,3,cswr,ratID3,False,False,False,True,False,False,sw,False
3010,GC_complex_swr_ratID3_veh,24,swr,1,cswr,2,/data/local-files/?d=Desktop/ripple-classifier-data-labeling/labeling_data_400_v2/3010_id.csv,cswr,3,cswr,ratID3,False,False,False,False,True,False,cswr,True
3011,GC_complex_swr_ratID3_veh,25,ripple,1,swr,2,/data/local-files/?d=Desktop/ripple-classifier-data-labeling/labeling_data_400_v2/3011_id.csv,cswr,3,cswr,ratID3,False,False,False,False,False,False,discarded_agreement,False
3015,GC_complex_swr_ratID3_veh,29,swr,1,cswr,2,/data/local-files/?d=Desktop/ripple-classifier-data-labeling/labeling_data_400_v2/3015_id.csv,cswr,3,cswr,ratID3,False,False,False,False,True,False,cswr,True
3018,GC_complex_swr_ratID3_veh,32,sw,1,discarded,2,/data/local-files/?d=Desktop/ripple-classifier-data-labeling/labeling_data_400_v2/3018_id.csv,discarded,3,cswr,ratID3,False,False,False,False,True,False,discarded,False
3021,GC_complex_swr_ratID3_veh,35,discarded,1,cswr,2,/data/local-files/?d=Desktop/ripple-classifier-data-labeling/labeling_data_400_v2/3021_id.csv,discarded,3,cswr,ratID3,False,False,False,True,False,False,discarded,False
3023,GC_complex_swr_ratID3_veh,37,ripple,1,cswr,2,/data/local-files/?d=Desktop/ripple-classifier-data-labeling/labeling_data_400_v2/3023_id.csv,cswr,3,cswr,ratID3,False,False,False,False,True,False,cswr,True
3025,GC_complex_swr_ratID3_veh,39,ripple,1,cswr,2,/data/local-files/?d=Desktop/ripple-classifier-data-labeling/labeling_data_400_v2/3025_id.csv,cswr,3,cswr,ratID3,False,False,False,False,True,False,cswr,True
3037,GC_ripple_ratID3_veh,0,discarded,1,discarded,2,/data/local-files/?d=Desktop/ripple-classifier-data-labeling/labeling_data_400_v2/3037_id.csv,discarded,3,ripple,ratID3,True,False,True,True,True,True,discarded,False
3039,GC_ripple_ratID3_veh,2,discarded,1,discarded,2,/data/local-files/?d=Desktop/ripple-classifier-data-labeling/labeling_data_400_v2/3039_id.csv,discarded,3,ripple,ratID3,True,False,True,True,True,True,discarded,False
3044,GC_ripple_ratID3_veh,7,swr,1,ripple,2,/data/local-files/?d=Desktop/ripple-classifier-data-labeling/labeling_data_400_v2/3044_id.csv,discarded,3,ripple,ratID3,False,False,False,False,False,False,discarded_agreement,False
3046,GC_ripple_ratID3_veh,9,swr,1,cswr,2,/data/local-files/?d=Desktop/ripple-classifier-data-labeling/labeling_data_400_v2/3046_id.csv,cswr,3,ripple,ratID3,False,False,False,False,True,False,cswr,False
3047,GC_ripple_ratID3_veh,10,discarded,1,discarded,2,/data/local-files/?d=Desktop/ripple-classifier-data-labeling/labeling_data_400_v2/3047_id.csv,discarded,3,ripple,ratID3,True,False,True,True,True,True,discarded,False
3048,GC_ripple_ratID3_veh,11,discarded,1,discarded,2,/data/local-files/?d=Desktop/ripple-classifier-data-labeling/labeling_data_400_v2/3048_id.csv,ripple,3,ripple,ratID3,False,False,True,False,False,False,discarded,False
3049,GC_ripple_ratID3_veh,12,discarded,1,discarded,2,/data/local-files/?d=Desktop/ripple-classifier-data-labeling/labeling_data_400_v2/3049_id.csv,discarded,3,ripple,ratID3,True,False,True,True,True,True,discarded,False
3056,GC_ripple_ratID3_veh,19,swr,1,swr,2,/data/local-files/?d=Desktop/ripple-classifier-data-labeling/labeling_data_400_v2/3056_id.csv,cswr,3,ripple,ratID3,False,False,True,False,False,False,swr,False
3061,GC_ripple_ratID3_veh,24,discarded,1,ripple,2,/data/local-files/?d=Desktop/ripple-classifier-data-labeling/labeling_data_400_v2/3061_id.csv,discarded,3,ripple,ratID3,False,False,False,True,False,False,discarded,False
3062,GC_ripple_ratID3_veh,25,swr,1,ripple,2,/data/local-files/?d=Desktop/ripple-classifier-data-labeling/labeling_data_400_v2/3062_id.csv,cswr,3,ripple,ratID3,False,False,False,False,False,False,discarded_agreement,False
3063,GC_ripple_ratID3_veh,26,swr,1,swr,2,/data/local-files/?d=Desktop/ripple-classifier-data-labeling/labeling_data_400_v2/3063_id.csv,cswr,3,ripple,ratID3,False,False,True,False,False,False,swr,False
3065,GC_ripple_ratID3_veh,28,swr,1,discarded,2,/data/local-files/?d=Desktop/ripple-classifier-data-labeling/labeling_data_400_v2/3065_id.csv,cswr,3,ripple,ratID3,False,False,False,False,False,False,discarded_agreement,False
3074,GC_sw_ratID3_veh,8,swr,1,cswr,2,/data/local-files/?d=Desktop/ripple-classifier-data-labeling/labeling_data_400_v2/3074_id.csv,cswr,3,sw,ratID3,False,False,False,False,True,False,cswr,False
3116,GC_sw_ratID3_veh,50,sw,1,sw,2,/data/local-files/?d=Desktop/ripple-classifier-data-labeling/labeling_data_400_v2/3116_id.csv,sw,3,sw,ratID3,True,False,True,True,True,True,sw,True
3150,GC_sw_ratID3_veh,84,swr,1,sw,2,/data/local-files/?d=Desktop/ripple-classifier-data-labeling/labeling_data_400_v2/3150_id.csv,swr,3,sw,ratID3,False,False,False,True,False,False,swr,False
3265,GC_sw_ratID3_veh,199,discarded,1,discarded,2,/data/local-files/?d=Desktop/ripple-classifier-data-labeling/labeling_data_400_v2/3265_id.csv,discarded,3,sw,ratID3,True,False,True,True,True,True,discarded,False
3304,GC_sw_ratID3_veh,238,swr,1,discarded,2,/data/local-files/?d=Desktop/ripple-classifier-data-labeling/labeling_data_400_v2/3304_id.csv,cswr,3,sw,ratID3,False,False,False,False,False,False,discarded_agreement,False
3320,GC_sw_ratID3_veh,254,sw,1,sw,2,/data/local-files/?d=Desktop/ripple-classifier-data-labeling/labeling_data_400_v2/3320_id.csv,sw,3,sw,ratID3,True,False,True,True,True,True,sw,True
3334,GC_sw_ratID3_veh,268,discarded,1,discarded,2,/data/local-files/?d=Desktop/ripple-classifier-data-labeling/labeling_data_400_v2/3334_id.csv,discarded,3,sw,ratID3,True,False,True,True,True,True,discarded,False
3373,GC_sw_ratID3_veh,307,sw,1,sw,2,/data/local-files/?d=Desktop/ripple-classifier-data-labeling/labeling_data_400_v2/3373_id.csv,discarded,3,sw,ratID3,False,False,True,False,False,False,sw,True
3422,GC_sw_ratID3_veh,356,sw,1,sw,2,/data/local-files/?d=Desktop/ripple-classifier-data-labeling/labeling_data_400_v2/3422_id.csv,sw,3,sw,ratID3,True,False,True,True,True,True,sw,True
3431,GC_sw_ratID3_veh,365,swr,1,swr,2,/data/local-files/?d=Desktop/ripple-classifier-data-labeling/labeling_data_400_v2/3431_id.csv,cswr,3,sw,ratID3,False,False,True,False,False,False,swr,False
3479,GC_swr_ratID3_veh,33,discarded,1,discarded,2,/data/local-files/?d=Desktop/ripple-classifier-data-labeling/labeling_data_400_v2/3479_id.csv,cswr,3,swr,ratID3,False,False,True,False,False,False,discarded,False
3485,GC_swr_ratID3_veh,39,discarded,1,discarded,2,/data/local-files/?d=Desktop/ripple-classifier-data-labeling/labeling_data_400_v2/3485_id.csv,cswr,3,swr,ratID3,False,False,True,False,False,False,discarded,False
3486,GC_swr_ratID3_veh,40,discarded,1,discarded,2,/data/local-files/?d=Desktop/ripple-classifier-data-labeling/labeling_data_400_v2/3486_id.csv,discarded,3,swr,ratID3,True,False,True,True,True,True,discarded,False
3491,GC_swr_ratID3_veh,45,swr,1,swr,2,/data/local-files/?d=Desktop/ripple-classifier-data-labeling/labeling_data_400_v2/3491_id.csv,swr,3,swr,ratID3,True,False,True,True,True,True,swr,True
3505,GC_swr_ratID3_veh,59,cswr,1,cswr,2,/data/local-files/?d=Desktop/ripple-classifier-data-labeling/labeling_data_400_v2/3505_id.csv,cswr,3,swr,ratID3,True,False,True,True,True,True,cswr,False
3507,GC_swr_ratID3_veh,61,discarded,1,discarded,2,/data/local-files/?d=Desktop/ripple-classifier-data-labeling/labeling_data_400_v2/3507_id.csv,cswr,3,swr,ratID3,False,False,True,False,False,False,discarded,False
3517,GC_swr_ratID3_veh,71,swr,1,swr,2,/data/local-files/?d=Desktop/ripple-classifier-data-labeling/labeling_data_400_v2/3517_id.csv,cswr,3,swr,ratID3,False,False,True,False,False,False,swr,True
3525,GC_swr_ratID3_veh,79,discarded,1,swr,2,/data/local-files/?d=Desktop/ripple-classifier-data-labeling/labeling_data_400_v2/3525_id.csv,swr,3,swr,ratID3,False,False,False,False,True,False,swr,True
3528,GC_swr_ratID3_veh,82,discarded,1,discarded,2,/data/local-files/?d=Desktop/ripple-classifier-data-labeling/labeling_data_400_v2/3528_id.csv,discarded,3,swr,ratID3,True,False,True,True,True,True,discarded,False
3534,GC_swr_ratID3_veh,88,discarded,1,discarded,2,/data/local-files/?d=Desktop/ripple-classifier-data-labeling/labeling_data_400_v2/3534_id.csv,swr,3,swr,ratID3,False,False,True,False,False,False,discarded,False
3548,GC_swr_ratID3_veh,102,discarded,1,discarded,2,/data/local-files/?d=Desktop/ripple-classifier-data-labeling/labeling_data_400_v2/3548_id.csv,cswr,3,swr,ratID3,False,False,True,False,False,False,discarded,False
3549,GC_swr_ratID3_veh,103,swr,1,swr,2,/data/local-files/?d=Desktop/ripple-classifier-data-labeling/labeling_data_400_v2/3549_id.csv,cswr,3,swr,ratID3,False,False,True,False,False,False,swr,True
3598,GC_complex_swr_ratID201_veh,22,cswr,1,cswr,2,/data/local-files/?d=Desktop/ripple-classifier-data-labeling/labeling_data_400_v2/3598_id.csv,cswr,3,cswr,ratID201,True,False,True,True,True,True,cswr,True
3612,GC_complex_swr_ratID201_veh,36,discarded,1,discarded,2,/data/local-files/?d=Desktop/ripple-classifier-data-labeling/labeling_data_400_v2/3612_id.csv,swr,3,cswr,ratID201,False,False,True,False,False,False,discarded,False
3626,GC_complex_swr_ratID201_veh,50,swr,1,swr,2,/data/local-files/?d=Desktop/ripple-classifier-data-labeling/labeling_data_400_v2/3626_id.csv,cswr,3,cswr,ratID201,False,False,True,False,False,False,swr,False
3667,GC_complex_swr_ratID201_veh,91,swr,1,swr,2,/data/local-files/?d=Desktop/ripple-classifier-data-labeling/labeling_data_400_v2/3667_id.csv,swr,3,cswr,ratID201,True,False,True,True,True,True,swr,False
3674,GC_complex_swr_ratID201_veh,98,sw,1,sw,2,/data/local-files/?d=Desktop/ripple-classifier-data-labeling/labeling_data_400_v2/3674_id.csv,cswr,3,cswr,ratID201,False,False,True,False,False,False,sw,False
3683,GC_complex_swr_ratID201_veh,107,swr,1,swr,2,/data/local-files/?d=Desktop/ripple-classifier-data-labeling/labeling_data_400_v2/3683_id.csv,cswr,3,cswr,ratID201,False,False,True,False,False,False,swr,False
3684,GC_complex_swr_ratID201_veh,108,discarded,1,ripple,2,/data/local-files/?d=Desktop/ripple-classifier-data-labeling/labeling_data_400_v2/3684_id.csv,discarded,3,cswr,ratID201,False,False,False,True,False,False,discarded,False
3690,GC_complex_swr_ratID201_veh,114,swr,1,swr,2,/data/local-files/?d=Desktop/ripple-classifier-data-labeling/labeling_data_400_v2/3690_id.csv,cswr,3,cswr,ratID201,False,False,True,False,False,False,swr,False
3704,GC_complex_swr_ratID201_veh,128,swr,1,swr,2,/data/local-files/?d=Desktop/ripple-classifier-data-labeling/labeling_data_400_v2/3704_id.csv,swr,3,cswr,ratID201,True,False,True,True,True,True,swr,False
3711,GC_complex_swr_ratID201_veh,135,cswr,1,cswr,2,/data/local-files/?d=Desktop/ripple-classifier-data-labeling/labeling_data_400_v2/3711_id.csv,cswr,3,cswr,ratID201,True,False,True,True,True,True,cswr,True
3717,GC_complex_swr_ratID201_veh,141,discarded,1,discarded,2,/data/local-files/?d=Desktop/ripple-classifier-data-labeling/labeling_data_400_v2/3717_id.csv,discarded,3,cswr,ratID201,True,False,True,True,True,True,discarded,False
3728,GC_complex_swr_ratID201_veh,152,swr,1,swr,2,/data/local-files/?d=Desktop/ripple-classifier-data-labeling/labeling_data_400_v2/3728_id.csv,cswr,3,cswr,ratID201,False,False,True,False,False,False,swr,False
3945,GC_ripple_ratID201_veh,202,swr,1,swr,2,/data/local-files/?d=Desktop/ripple-classifier-data-labeling/labeling_data_400_v2/3945_id.csv,cswr,3,ripple,ratID201,False,False,True,False,False,False,swr,False
4074,GC_ripple_ratID201_veh,331,swr,1,discarded,2,/data/local-files/?d=Desktop/ripple-classifier-data-labeling/labeling_data_400_v2/4074_id.csv,cswr,3,ripple,ratID201,False,False,False,False,False,False,discarded_agreement,False
4081,GC_ripple_ratID201_veh,338,discarded,1,discarded,2,/data/local-files/?d=Desktop/ripple-classifier-data-labeling/labeling_data_400_v2/4081_id.csv,discarded,3,ripple,ratID201,True,False,True,True,True,True,discarded,False
4176,GC_ripple_ratID201_veh,433,discarded,1,discarded,2,/data/local-files/?d=Desktop/ripple-classifier-data-labeling/labeling_data_400_v2/4176_id.csv,discarded,3,ripple,ratID201,True,False,True,True,True,True,discarded,False
4188,GC_ripple_ratID201_veh,445,swr,1,cswr,2,/data/local-files/?d=Desktop/ripple-classifier-data-labeling/labeling_data_400_v2/4188_id.csv,cswr,3,ripple,ratID201,False,False,False,False,True,False,cswr,False
4347,GC_ripple_ratID201_veh,604,discarded,1,discarded,2,/data/local-files/?d=Desktop/ripple-classifier-data-labeling/labeling_data_400_v2/4347_id.csv,swr,3,ripple,ratID201,False,False,True,False,False,False,discarded,False
4349,GC_ripple_ratID201_veh,606,swr,1,discarded,2,/data/local-files/?d=Desktop/ripple-classifier-data-labeling/labeling_data_400_v2/4349_id.csv,sw,3,ripple,ratID201,False,False,False,False,False,False,discarded_agreement,False
4367,GC_ripple_ratID201_veh,624,cswr,1,cswr,2,/data/local-files/?d=Desktop/ripple-classifier-data-labeling/labeling_data_400_v2/4367_id.csv,cswr,3,ripple,ratID201,True,False,True,True,True,True,cswr,False
4417,GC_ripple_ratID201_veh,674,swr,1,swr,2,/data/local-files/?d=Desktop/ripple-classifier-data-labeling/labeling_data_400_v2/4417_id.csv,swr,3,ripple,ratID201,True,False,True,True,True,True,swr,False
4433,GC_ripple_ratID201_veh,690,discarded,1,discarded,2,/data/local-files/?d=Desktop/ripple-classifier-data-labeling/labeling_data_400_v2/4433_id.csv,discarded,3,ripple,ratID201,True,False,True,True,True,True,discarded,False
4615,GC_ripple_ratID201_veh,872,swr,1,cswr,2,/data/local-files/?d=Desktop/ripple-classifier-data-labeling/labeling_data_400_v2/4615_id.csv,cswr,3,ripple,ratID201,False,False,False,False,True,False,cswr,False
4834,GC_sw_ratID201_veh,88,discarded,1,discarded,2,/data/local-files/?d=Desktop/ripple-classifier-data-labeling/labeling_data_400_v2/4834_id.csv,discarded,3,sw,ratID201,True,False,True,True,True,True,discarded,False
5096,GC_sw_ratID201_veh,350,sw,1,sw,2,/data/local-files/?d=Desktop/ripple-classifier-data-labeling/labeling_data_400_v2/5096_id.csv,sw,3,sw,ratID201,True,False,True,True,True,True,sw,True
5290,GC_sw_ratID201_veh,544,cswr,1,cswr,2,/data/local-files/?d=Desktop/ripple-classifier-data-labeling/labeling_data_400_v2/5290_id.csv,cswr,3,sw,ratID201,True,False,True,True,True,True,cswr,False
5521,GC_sw_ratID201_veh,775,swr,1,swr,2,/data/local-files/?d=Desktop/ripple-classifier-data-labeling/labeling_data_400_v2/5521_id.csv,cswr,3,sw,ratID201,False,False,True,False,False,False,swr,False
6039,GC_sw_ratID201_veh,1293,sw,1,sw,2,/data/local-files/?d=Desktop/ripple-classifier-data-labeling/labeling_data_400_v2/6039_id.csv,sw,3,sw,ratID201,True,False,True,True,True,True,sw,True
6420,GC_sw_ratID201_veh,1674,sw,1,sw,2,/data/local-files/?d=Desktop/ripple-classifier-data-labeling/labeling_data_400_v2/6420_id.csv,sw,3,sw,ratID201,True,False,True,True,True,True,sw,True
6507,GC_sw_ratID201_veh,1761,swr,1,swr,2,/data/local-files/?d=Desktop/ripple-classifier-data-labeling/labeling_data_400_v2/6507_id.csv,swr,3,sw,ratID201,True,False,True,True,True,True,swr,False
6854,GC_sw_ratID201_veh,2108,cswr,1,cswr,2,/data/local-files/?d=Desktop/ripple-classifier-data-labeling/labeling_data_400_v2/6854_id.csv,cswr,3,sw,ratID201,True,False,True,True,True,True,cswr,False
7130,GC_sw_ratID201_veh,2384,sw,1,sw,2,/data/local-files/?d=Desktop/ripple-classifier-data-labeling/labeling_data_400_v2/7130_id.csv,discarded,3,sw,ratID201,False,False,True,False,False,False,sw,True
7322,GC_sw_ratID201_veh,2576,sw,1,discarded,2,/data/local-files/?d=Desktop/ripple-classifier-data-labeling/labeling_data_400_v2/7322_id.csv,sw,3,sw,ratID201,False,False,False,True,False,False,sw,True
7565,GC_sw_ratID201_veh,2819,sw,1,swr,2,/data/local-files/?d=Desktop/ripple-classifier-data-labeling/labeling_data_400_v2/7565_id.csv,cswr,3,sw,ratID201,False,False,False,False,False,False,discarded_agreement,False
7634,GC_sw_ratID201_veh,2888,sw,1,sw,2,/data/local-files/?d=Desktop/ripple-classifier-data-labeling/labeling_data_400_v2/7634_id.csv,discarded,3,sw,ratID201,False,False,True,False,False,False,sw,True
7775,GC_swr_ratID201_veh,18,ripple,1,swr,2,/data/local-files/?d=Desktop/ripple-classifier-data-labeling/labeling_data_400_v2/7775_id.csv,cswr,3,swr,ratID201,False,False,False,False,False,False,discarded_agreement,False
7816,GC_swr_ratID201_veh,59,cswr,1,cswr,2,/data/local-files/?d=Desktop/ripple-classifier-data-labeling/labeling_data_400_v2/7816_id.csv,cswr,3,swr,ratID201,True,False,True,True,True,True,cswr,False
7861,GC_swr_ratID201_veh,104,swr,1,swr,2,/data/local-files/?d=Desktop/ripple-classifier-data-labeling/labeling_data_400_v2/7861_id.csv,cswr,3,swr,ratID201,False,False,True,False,False,False,swr,True
7904,GC_swr_ratID201_veh,147,swr,1,swr,2,/data/local-files/?d=Desktop/ripple-classifier-data-labeling/labeling_data_400_v2/7904_id.csv,cswr,3,swr,ratID201,False,False,True,False,False,False,swr,True
7922,GC_swr_ratID201_veh,165,swr,1,swr,2,/data/local-files/?d=Desktop/ripple-classifier-data-labeling/labeling_data_400_v2/7922_id.csv,swr,3,swr,ratID201,True,False,True,True,True,True,swr,True
7934,GC_swr_ratID201_veh,177,swr,1,cswr,2,/data/local-files/?d=Desktop/ripple-classifier-data-labeling/labeling_data_400_v2/7934_id.csv,cswr,3,swr,ratID201,False,False,False,False,True,False,cswr,False
7950,GC_swr_ratID201_veh,193,swr,1,swr,2,/data/local-files/?d=Desktop/ripple-classifier-data-labeling/labeling_data_400_v2/7950_id.csv,cswr,3,swr,ratID201,False,False,True,False,False,False,swr,True
8008,GC_swr_ratID201_veh,251,swr,1,swr,2,/data/local-files/?d=Desktop/ripple-classifier-data-labeling/labeling_data_400_v2/8008_id.csv,swr,3,swr,ratID201,True,False,True,True,True,True,swr,True
8160,GC_swr_ratID201_veh,403,discarded,1,discarded,2,/data/local-files/?d=Desktop/ripple-classifier-data-labeling/labeling_data_400_v2/8160_id.csv,discarded,3,swr,ratID201,True,False,True,True,True,True,discarded,False
8169,GC_swr_ratID201_veh,412,ripple,1,cswr,2,/data/local-files/?d=Desktop/ripple-classifier-data-labeling/labeling_data_400_v2/8169_id.csv,cswr,3,swr,ratID201,False,False,False,False,True,False,cswr,False
8192,GC_swr_ratID201_veh,435,discarded,1,discarded,2,/data/local-files/?d=Desktop/ripple-classifier-data-labeling/labeling_data_400_v2/8192_id.csv,discarded,3,swr,ratID201,True,False,True,True,True,True,discarded,False
8235,GC_complex_swr_ratID4_veh,32,cswr,1,cswr,2,/data/local-files/?d=Desktop/ripple-classifier-data-labeling/labeling_data_400_v2/8235_id.csv,cswr,3,cswr,ratID4,True,False,True,True,True,True,cswr,True
8239,GC_complex_swr_ratID4_veh,36,cswr,1,cswr,2,/data/local-files/?d=Desktop/ripple-classifier-data-labeling/labeling_data_400_v2/8239_id.csv,cswr,3,cswr,ratID4,True,False,True,True,True,True,cswr,True
8268,GC_complex_swr_ratID4_veh,65,discarded,1,discarded,2,/data/local-files/?d=Desktop/ripple-classifier-data-labeling/labeling_data_400_v2/8268_id.csv,discarded,3,cswr,ratID4,True,False,True,True,True,True,discarded,False
8300,GC_complex_swr_ratID4_veh,97,cswr,1,cswr,2,/data/local-files/?d=Desktop/ripple-classifier-data-labeling/labeling_data_400_v2/8300_id.csv,cswr,3,cswr,ratID4,True,False,True,True,True,True,cswr,True
8314,GC_complex_swr_ratID4_veh,111,swr,1,swr,2,/data/local-files/?d=Desktop/ripple-classifier-data-labeling/labeling_data_400_v2/8314_id.csv,cswr,3,cswr,ratID4,False,False,True,False,False,False,swr,False
8324,GC_complex_swr_ratID4_veh,121,discarded,1,discarded,2,/data/local-files/?d=Desktop/ripple-classifier-data-labeling/labeling_data_400_v2/8324_id.csv,discarded,3,cswr,ratID4,True,False,True,True,True,True,discarded,False
8369,GC_complex_swr_ratID4_veh,166,cswr,1,cswr,2,/data/local-files/?d=Desktop/ripple-classifier-data-labeling/labeling_data_400_v2/8369_id.csv,cswr,3,cswr,ratID4,True,False,True,True,True,True,cswr,True
8374,GC_complex_swr_ratID4_veh,171,sw,1,swr,2,/data/local-files/?d=Desktop/ripple-classifier-data-labeling/labeling_data_400_v2/8374_id.csv,sw,3,cswr,ratID4,False,False,False,True,False,False,sw,False
8454,GC_complex_swr_ratID4_veh,251,swr,1,swr,2,/data/local-files/?d=Desktop/ripple-classifier-data-labeling/labeling_data_400_v2/8454_id.csv,swr,3,cswr,ratID4,True,False,True,True,True,True,swr,False
8471,GC_complex_swr_ratID4_veh,268,discarded,1,discarded,2,/data/local-files/?d=Desktop/ripple-classifier-data-labeling/labeling_data_400_v2/8471_id.csv,discarded,3,cswr,ratID4,True,False,True,True,True,True,discarded,False
8488,GC_complex_swr_ratID4_veh,285,ripple,1,cswr,2,/data/local-files/?d=Desktop/ripple-classifier-data-labeling/labeling_data_400_v2/8488_id.csv,ripple,3,cswr,ratID4,False,False,False,True,False,False,ripple,False
8490,GC_complex_swr_ratID4_veh,287,discarded,1,ripple,2,/data/local-files/?d=Desktop/ripple-classifier-data-labeling/labeling_data_400_v2/8490_id.csv,discarded,3,cswr,ratID4,False,False,False,True,False,False,discarded,False
8496,GC_ripple_ratID4_veh,2,discarded,1,discarded,2,/data/local-files/?d=Desktop/ripple-classifier-data-labeling/labeling_data_400_v2/8496_id.csv,discarded,3,ripple,ratID4,True,False,True,True,True,True,discarded,False
8497,GC_ripple_ratID4_veh,3,swr,1,swr,2,/data/local-files/?d=Desktop/ripple-classifier-data-labeling/labeling_data_400_v2/8497_id.csv,cswr,3,ripple,ratID4,False,False,True,False,False,False,swr,False
8498,GC_ripple_ratID4_veh,4,discarded,1,discarded,2,/data/local-files/?d=Desktop/ripple-classifier-data-labeling/labeling_data_400_v2/8498_id.csv,cswr,3,ripple,ratID4,False,False,True,False,False,False,discarded,False
8499,GC_ripple_ratID4_veh,5,discarded,1,ripple,2,/data/local-files/?d=Desktop/ripple-classifier-data-labeling/labeling_data_400_v2/8499_id.csv,cswr,3,ripple,ratID4,False,False,False,False,False,False,discarded_agreement,False
8500,GC_ripple_ratID4_veh,6,discarded,1,discarded,2,/data/local-files/?d=Desktop/ripple-classifier-data-labeling/labeling_data_400_v2/8500_id.csv,discarded,3,ripple,ratID4,True,False,True,True,True,True,discarded,False
8504,GC_ripple_ratID4_veh,10,ripple,1,discarded,2,/data/local-files/?d=Desktop/ripple-classifier-data-labeling/labeling_data_400_v2/8504_id.csv,cswr,3,ripple,ratID4,False,False,False,False,False,False,discarded_agreement,False
8505,GC_ripple_ratID4_veh,11,ripple,1,ripple,2,/data/local-files/?d=Desktop/ripple-classifier-data-labeling/labeling_data_400_v2/8505_id.csv,cswr,3,ripple,ratID4,False,False,True,False,False,False,ripple,True
8511,GC_ripple_ratID4_veh,17,swr,1,discarded,2,/data/local-files/?d=Desktop/ripple-classifier-data-labeling/labeling_data_400_v2/8511_id.csv,ripple,3,ripple,ratID4,False,False,False,False,False,False,discarded_agreement,False
8513,GC_ripple_ratID4_veh,19,swr,1,discarded,2,/data/local-files/?d=Desktop/ripple-classifier-data-labeling/labeling_data_400_v2/8513_id.csv,cswr,3,ripple,ratID4,False,False,False,False,False,False,discarded_agreement,False
8515,GC_ripple_ratID4_veh,21,swr,1,ripple,2,/data/local-files/?d=Desktop/ripple-classifier-data-labeling/labeling_data_400_v2/8515_id.csv,cswr,3,ripple,ratID4,False,False,False,False,False,False,discarded_agreement,False
8517,GC_ripple_ratID4_veh,23,ripple,1,ripple,2,/data/local-files/?d=Desktop/ripple-classifier-data-labeling/labeling_data_400_v2/8517_id.csv,cswr,3,ripple,ratID4,False,False,True,False,False,False,ripple,True
8534,GC_sw_ratID4_veh,15,sw,1,sw,2,/data/local-files/?d=Desktop/ripple-classifier-data-labeling/labeling_data_400_v2/8534_id.csv,sw,3,sw,ratID4,True,False,True,True,True,True,sw,True
8597,GC_sw_ratID4_veh,78,discarded,1,discarded,2,/data/local-files/?d=Desktop/ripple-classifier-data-labeling/labeling_data_400_v2/8597_id.csv,cswr,3,sw,ratID4,False,False,True,False,False,False,discarded,False
8618,GC_sw_ratID4_veh,99,discarded,1,ripple,2,/data/local-files/?d=Desktop/ripple-classifier-data-labeling/labeling_data_400_v2/8618_id.csv,ripple,3,sw,ratID4,False,False,False,False,True,False,ripple,False
8635,GC_sw_ratID4_veh,116,discarded,1,discarded,2,/data/local-files/?d=Desktop/ripple-classifier-data-labeling/labeling_data_400_v2/8635_id.csv,cswr,3,sw,ratID4,False,False,True,False,False,False,discarded,False
8651,GC_sw_ratID4_veh,132,swr,1,swr,2,/data/local-files/?d=Desktop/ripple-classifier-data-labeling/labeling_data_400_v2/8651_id.csv,swr,3,sw,ratID4,True,False,True,True,True,True,swr,False
8653,GC_sw_ratID4_veh,134,sw,1,sw,2,/data/local-files/?d=Desktop/ripple-classifier-data-labeling/labeling_data_400_v2/8653_id.csv,cswr,3,sw,ratID4,False,False,True,False,False,False,sw,True
8667,GC_sw_ratID4_veh,148,sw,1,sw,2,/data/local-files/?d=Desktop/ripple-classifier-data-labeling/labeling_data_400_v2/8667_id.csv,sw,3,sw,ratID4,True,False,True,True,True,True,sw,True
8669,GC_sw_ratID4_veh,150,sw,1,sw,2,/data/local-files/?d=Desktop/ripple-classifier-data-labeling/labeling_data_400_v2/8669_id.csv,cswr,3,sw,ratID4,False,False,True,False,False,False,sw,True
8769,GC_sw_ratID4_veh,250,sw,1,swr,2,/data/local-files/?d=Desktop/ripple-classifier-data-labeling/labeling_data_400_v2/8769_id.csv,swr,3,sw,ratID4,False,False,False,False,True,False,swr,False
8847,GC_sw_ratID4_veh,328,sw,1,sw,2,/data/local-files/?d=Desktop/ripple-classifier-data-labeling/labeling_data_400_v2/8847_id.csv,cswr,3,sw,ratID4,False,False,True,False,False,False,sw,True
8924,GC_swr_ratID4_veh,62,discarded,1,discarded,2,/data/local-files/?d=Desktop/ripple-classifier-data-labeling/labeling_data_400_v2/8924_id.csv,discarded,3,swr,ratID4,True,False,True,True,True,True,discarded,False
8928,GC_swr_ratID4_veh,66,swr,1,cswr,2,/data/local-files/?d=Desktop/ripple-classifier-data-labeling/labeling_data_400_v2/8928_id.csv,cswr,3,swr,ratID4,False,False,False,False,True,False,cswr,False
8931,GC_swr_ratID4_veh,69,swr,1,swr,2,/data/local-files/?d=Desktop/ripple-classifier-data-labeling/labeling_data_400_v2/8931_id.csv,cswr,3,swr,ratID4,False,False,True,False,False,False,swr,True
8938,GC_swr_ratID4_veh,76,swr,1,swr,2,/data/local-files/?d=Desktop/ripple-classifier-data-labeling/labeling_data_400_v2/8938_id.csv,cswr,3,swr,ratID4,False,False,True,False,False,False,swr,True
8960,GC_swr_ratID4_veh,98,swr,1,cswr,2,/data/local-files/?d=Desktop/ripple-classifier-data-labeling/labeling_data_400_v2/8960_id.csv,cswr,3,swr,ratID4,False,False,False,False,True,False,cswr,False
8964,GC_swr_ratID4_veh,102,swr,1,cswr,2,/data/local-files/?d=Desktop/ripple-classifier-data-labeling/labeling_data_400_v2/8964_id.csv,cswr,3,swr,ratID4,False,False,False,False,True,False,cswr,False
8987,GC_swr_ratID4_veh,125,ripple,1,ripple,2,/data/local-files/?d=Desktop/ripple-classifier-data-labeling/labeling_data_400_v2/8987_id.csv,cswr,3,swr,ratID4,False,False,True,False,False,False,ripple,False
9037,GC_swr_ratID4_veh,175,swr,1,swr,2,/data/local-files/?d=Desktop/ripple-classifier-data-labeling/labeling_data_400_v2/9037_id.csv,cswr,3,swr,ratID4,False,False,True,False,False,False,swr,True
9055,GC_swr_ratID4_veh,193,swr,1,swr,2,/data/local-files/?d=Desktop/ripple-classifier-data-labeling/labeling_data_400_v2/9055_id.csv,cswr,3,swr,ratID4,False,False,True,False,False,False,swr,True
9071,GC_swr_ratID4_veh,209,swr,1,swr,2,/data/local-files/?d=Desktop/ripple-classifier-data-labeling/labeling_data_400_v2/9071_id.csv,cswr,3,swr,ratID4,False,False,True,False,False,False,swr,True
9077,GC_swr_ratID4_veh,215,discarded,1,discarded,2,/data/local-files/?d=Desktop/ripple-classifier-data-labeling/labeling_data_400_v2/9077_id.csv,cswr,3,swr,ratID4,False,False,True,False,False,False,discarded,False
9089,GC_swr_ratID4_veh,227,swr,1,cswr,2,/data/local-files/?d=Desktop/ripple-classifier-data-labeling/labeling_data_400_v2/9089_id.csv,cswr,3,swr,ratID4,False,False,False,False,True,False,cswr,False
9107,GC_complex_swr_ratID206_veh,15,swr,1,cswr,2,/data/local-files/?d=Desktop/ripple-classifier-data-labeling/labeling_data_400_v2/9107_id.csv,cswr,3,cswr,ratID206,False,False,False,False,True,False,cswr,True
9147,GC_complex_swr_ratID206_veh,55,swr,1,swr,2,/data/local-files/?d=Desktop/ripple-classifier-data-labeling/labeling_data_400_v2/9147_id.csv,swr,3,cswr,ratID206,True,False,True,True,True,True,swr,False
9170,GC_complex_swr_ratID206_veh,78,cswr,1,cswr,2,/data/local-files/?d=Desktop/ripple-classifier-data-labeling/labeling_data_400_v2/9170_id.csv,cswr,3,cswr,ratID206,True,False,True,True,True,True,cswr,True
9186,GC_complex_swr_ratID206_veh,94,cswr,1,cswr,2,/data/local-files/?d=Desktop/ripple-classifier-data-labeling/labeling_data_400_v2/9186_id.csv,cswr,3,cswr,ratID206,True,False,True,True,True,True,cswr,True
9254,GC_complex_swr_ratID206_veh,162,sw,1,discarded,2,/data/local-files/?d=Desktop/ripple-classifier-data-labeling/labeling_data_400_v2/9254_id.csv,discarded,3,cswr,ratID206,False,False,False,False,True,False,discarded,False
9269,GC_complex_swr_ratID206_veh,177,swr,1,swr,2,/data/local-files/?d=Desktop/ripple-classifier-data-labeling/labeling_data_400_v2/9269_id.csv,swr,3,cswr,ratID206,True,False,True,True,True,True,swr,False
9287,GC_complex_swr_ratID206_veh,195,swr,1,cswr,2,/data/local-files/?d=Desktop/ripple-classifier-data-labeling/labeling_data_400_v2/9287_id.csv,cswr,3,cswr,ratID206,False,False,False,False,True,False,cswr,True
9318,GC_complex_swr_ratID206_veh,226,discarded,1,swr,2,/data/local-files/?d=Desktop/ripple-classifier-data-labeling/labeling_data_400_v2/9318_id.csv,cswr,3,cswr,ratID206,False,False,False,False,False,False,discarded_agreement,False
9339,GC_complex_swr_ratID206_veh,247,cswr,1,cswr,2,/data/local-files/?d=Desktop/ripple-classifier-data-labeling/labeling_data_400_v2/9339_id.csv,cswr,3,cswr,ratID206,True,False,True,True,True,True,cswr,True
9390,GC_complex_swr_ratID206_veh,298,swr,1,cswr,2,/data/local-files/?d=Desktop/ripple-classifier-data-labeling/labeling_data_400_v2/9390_id.csv,cswr,3,cswr,ratID206,False,False,False,False,True,False,cswr,True
9394,GC_complex_swr_ratID206_veh,302,swr,1,cswr,2,/data/local-files/?d=Desktop/ripple-classifier-data-labeling/labeling_data_400_v2/9394_id.csv,,3,cswr,ratID206,False,False,False,False,False,False,discarded_agreement,False
9441,GC_complex_swr_ratID206_veh,349,discarded,1,discarded,2,/data/local-files/?d=Desktop/ripple-classifier-data-labeling/labeling_data_400_v2/9441_id.csv,cswr,3,cswr,ratID206,False,False,True,False,False,False,discarded,False
9473,GC_ripple_ratID206_veh,27,cswr,1,discarded,2,/data/local-files/?d=Desktop/ripple-classifier-data-labeling/labeling_data_400_v2/9473_id.csv,cswr,3,ripple,ratID206,False,False,False,True,False,False,cswr,False
9485,GC_ripple_ratID206_veh,39,discarded,1,discarded,2,/data/local-files/?d=Desktop/ripple-classifier-data-labeling/labeling_data_400_v2/9485_id.csv,cswr,3,ripple,ratID206,False,False,True,False,False,False,discarded,False
9492,GC_ripple_ratID206_veh,46,swr,1,discarded,2,/data/local-files/?d=Desktop/ripple-classifier-data-labeling/labeling_data_400_v2/9492_id.csv,cswr,3,ripple,ratID206,False,False,False,False,False,False,discarded_agreement,False
9494,GC_ripple_ratID206_veh,48,discarded,1,discarded,2,/data/local-files/?d=Desktop/ripple-classifier-data-labeling/labeling_data_400_v2/9494_id.csv,cswr,3,ripple,ratID206,False,False,True,False,False,False,discarded,False
9528,GC_ripple_ratID206_veh,82,discarded,1,discarded,2,/data/local-files/?d=Desktop/ripple-classifier-data-labeling/labeling_data_400_v2/9528_id.csv,discarded,3,ripple,ratID206,True,False,True,True,True,True,discarded,False
9547,GC_ripple_ratID206_veh,101,discarded,1,discarded,2,/data/local-files/?d=Desktop/ripple-classifier-data-labeling/labeling_data_400_v2/9547_id.csv,discarded,3,ripple,ratID206,True,False,True,True,True,True,discarded,False
9556,GC_ripple_ratID206_veh,110,discarded,1,discarded,2,/data/local-files/?d=Desktop/ripple-classifier-data-labeling/labeling_data_400_v2/9556_id.csv,discarded,3,ripple,ratID206,True,False,True,True,True,True,discarded,False
9569,GC_ripple_ratID206_veh,123,swr,1,cswr,2,/data/local-files/?d=Desktop/ripple-classifier-data-labeling/labeling_data_400_v2/9569_id.csv,cswr,3,ripple,ratID206,False,False,False,False,True,False,cswr,False
9576,GC_ripple_ratID206_veh,130,swr,1,discarded,2,/data/local-files/?d=Desktop/ripple-classifier-data-labeling/labeling_data_400_v2/9576_id.csv,discarded,3,ripple,ratID206,False,False,False,False,True,False,discarded,False
9591,GC_ripple_ratID206_veh,145,discarded,1,discarded,2,/data/local-files/?d=Desktop/ripple-classifier-data-labeling/labeling_data_400_v2/9591_id.csv,cswr,3,ripple,ratID206,False,False,True,False,False,False,discarded,False
9595,GC_ripple_ratID206_veh,149,swr,1,discarded,2,/data/local-files/?d=Desktop/ripple-classifier-data-labeling/labeling_data_400_v2/9595_id.csv,cswr,3,ripple,ratID206,False,False,False,False,False,False,discarded_agreement,False
9609,GC_ripple_ratID206_veh,163,swr,1,cswr,2,/data/local-files/?d=Desktop/ripple-classifier-data-labeling/labeling_data_400_v2/9609_id.csv,cswr,3,ripple,ratID206,False,False,False,False,True,False,cswr,False
9642,GC_sw_ratID206_veh,29,swr,1,swr,2,/data/local-files/?d=Desktop/ripple-classifier-data-labeling/labeling_data_400_v2/9642_id.csv,swr,3,sw,ratID206,True,False,True,True,True,True,swr,False
9776,GC_sw_ratID206_veh,163,sw,1,discarded,2,/data/local-files/?d=Desktop/ripple-classifier-data-labeling/labeling_data_400_v2/9776_id.csv,cswr,3,sw,ratID206,False,False,False,False,False,False,discarded_agreement,False
9950,GC_sw_ratID206_veh,337,swr,1,swr,2,/data/local-files/?d=Desktop/ripple-classifier-data-labeling/labeling_data_400_v2/9950_id.csv,cswr,3,sw,ratID206,False,False,True,False,False,False,swr,False
10095,GC_sw_ratID206_veh,482,sw,1,sw,2,/data/local-files/?d=Desktop/ripple-classifier-data-labeling/labeling_data_400_v2/10095_id.csv,sw,3,sw,ratID206,True,False,True,True,True,True,sw,True
10244,GC_sw_ratID206_veh,631,sw,1,sw,2,/data/local-files/?d=Desktop/ripple-classifier-data-labeling/labeling_data_400_v2/10244_id.csv,sw,3,sw,ratID206,True,False,True,True,True,True,sw,True
10447,GC_sw_ratID206_veh,834,discarded,1,discarded,2,/data/local-files/?d=Desktop/ripple-classifier-data-labeling/labeling_data_400_v2/10447_id.csv,discarded,3,sw,ratID206,True,False,True,True,True,True,discarded,False
10979,GC_sw_ratID206_veh,1366,swr,1,sw,2,/data/local-files/?d=Desktop/ripple-classifier-data-labeling/labeling_data_400_v2/10979_id.csv,cswr,3,sw,ratID206,False,False,False,False,False,False,discarded_agreement,False
11422,GC_sw_ratID206_veh,1809,sw,1,sw,2,/data/local-files/?d=Desktop/ripple-classifier-data-labeling/labeling_data_400_v2/11422_id.csv,discarded,3,sw,ratID206,False,False,True,False,False,False,sw,True
11606,GC_sw_ratID206_veh,1993,sw,1,sw,2,/data/local-files/?d=Desktop/ripple-classifier-data-labeling/labeling_data_400_v2/11606_id.csv,cswr,3,sw,ratID206,False,False,True,False,False,False,sw,True
12104,GC_swr_ratID206_veh,93,swr,1,swr,2,/data/local-files/?d=Desktop/ripple-classifier-data-labeling/labeling_data_400_v2/12104_id.csv,swr,3,swr,ratID206,True,False,True,True,True,True,swr,True
12111,GC_swr_ratID206_veh,100,swr,1,swr,2,/data/local-files/?d=Desktop/ripple-classifier-data-labeling/labeling_data_400_v2/12111_id.csv,discarded,3,swr,ratID206,False,False,True,False,False,False,swr,True
12176,GC_swr_ratID206_veh,165,swr,1,cswr,2,/data/local-files/?d=Desktop/ripple-classifier-data-labeling/labeling_data_400_v2/12176_id.csv,sw,3,swr,ratID206,False,False,False,False,False,False,discarded_agreement,False
12178,GC_swr_ratID206_veh,167,swr,1,swr,2,/data/local-files/?d=Desktop/ripple-classifier-data-labeling/labeling_data_400_v2/12178_id.csv,swr,3,swr,ratID206,True,False,True,True,True,True,swr,True
12234,GC_swr_ratID206_veh,223,swr,1,swr,2,/data/local-files/?d=Desktop/ripple-classifier-data-labeling/labeling_data_400_v2/12234_id.csv,swr,3,swr,ratID206,True,False,True,True,True,True,swr,True
12388,GC_swr_ratID206_veh,377,cswr,1,cswr,2,/data/local-files/?d=Desktop/ripple-classifier-data-labeling/labeling_data_400_v2/12388_id.csv,discarded,3,swr,ratID206,False,False,True,False,False,False,cswr,False
12396,GC_swr_ratID206_veh,385,swr,1,swr,2,/data/local-files/?d=Desktop/ripple-classifier-data-labeling/labeling_data_400_v2/12396_id.csv,swr,3,swr,ratID206,True,False,True,True,True,True,swr,True
12433,GC_swr_ratID206_veh,422,swr,1,swr,2,/data/local-files/?d=Desktop/ripple-classifier-data-labeling/labeling_data_400_v2/12433_id.csv,swr,3,swr,ratID206,True,False,True,True,True,True,swr,True
12444,GC_swr_ratID206_veh,433,cswr,1,cswr,2,/data/local-files/?d=Desktop/ripple-classifier-data-labeling/labeling_data_400_v2/12444_id.csv,discarded,3,swr,ratID206,False,False,True,False,False,False,cswr,False
12470,GC_swr_ratID206_veh,459,swr,1,cswr,2,/data/local-files/?d=Desktop/ripple-classifier-data-labeling/labeling_data_400_v2/12470_id.csv,cswr,3,swr,ratID206,False,False,False,False,True,False,cswr,False
12540,GC_swr_ratID206_veh,529,swr,1,swr,2,/data/local-files/?d=Desktop/ripple-classifier-data-labeling/labeling_data_400_v2/12540_id.csv,swr,3,swr,ratID206,True,False,True,True,True,True,swr,True
12554,GC_swr_ratID206_veh,543,swr,1,cswr,2,/data/local-files/?d=Desktop/ripple-classifier-data-labeling/labeling_data_400_v2/12554_id.csv,swr,3,swr,ratID206,False,False,False,True,False,False,swr,True
12600,GC_complex_swr_ratID9_veh,31,cswr,1,cswr,2,/data/local-files/?d=Desktop/ripple-classifier-data-labeling/labeling_data_400_v2/12600_id.csv,discarded,3,cswr,ratID9,False,False,True,False,False,False,cswr,True
12603,GC_complex_swr_ratID9_veh,34,discarded,1,swr,2,/data/local-files/?d=Desktop/ripple-classifier-data-labeling/labeling_data_400_v2/12603_id.csv,discarded,3,cswr,ratID9,False,False,False,True,False,False,discarded,False
12641,GC_complex_swr_ratID9_veh,72,sw,1,cswr,2,/data/local-files/?d=Desktop/ripple-classifier-data-labeling/labeling_data_400_v2/12641_id.csv,discarded,3,cswr,ratID9,False,False,False,False,False,False,discarded_agreement,False
12643,GC_complex_swr_ratID9_veh,74,sw,1,swr,2,/data/local-files/?d=Desktop/ripple-classifier-data-labeling/labeling_data_400_v2/12643_id.csv,swr,3,cswr,ratID9,False,False,False,False,True,False,swr,False
12651,GC_complex_swr_ratID9_veh,82,swr,1,swr,2,/data/local-files/?d=Desktop/ripple-classifier-data-labeling/labeling_data_400_v2/12651_id.csv,swr,3,cswr,ratID9,True,False,True,True,True,True,swr,False
12656,GC_complex_swr_ratID9_veh,87,discarded,1,discarded,2,/data/local-files/?d=Desktop/ripple-classifier-data-labeling/labeling_data_400_v2/12656_id.csv,cswr,3,cswr,ratID9,False,False,True,False,False,False,discarded,False
12657,GC_complex_swr_ratID9_veh,88,discarded,1,discarded,2,/data/local-files/?d=Desktop/ripple-classifier-data-labeling/labeling_data_400_v2/12657_id.csv,discarded,3,cswr,ratID9,True,False,True,True,True,True,discarded,False
12698,GC_complex_swr_ratID9_veh,129,ripple,1,discarded,2,/data/local-files/?d=Desktop/ripple-classifier-data-labeling/labeling_data_400_v2/12698_id.csv,discarded,3,cswr,ratID9,False,False,False,False,True,False,discarded,False
12725,GC_complex_swr_ratID9_veh,156,discarded,1,discarded,2,/data/local-files/?d=Desktop/ripple-classifier-data-labeling/labeling_data_400_v2/12725_id.csv,discarded,3,cswr,ratID9,True,False,True,True,True,True,discarded,False
12731,GC_complex_swr_ratID9_veh,162,swr,1,swr,2,/data/local-files/?d=Desktop/ripple-classifier-data-labeling/labeling_data_400_v2/12731_id.csv,swr,3,cswr,ratID9,True,False,True,True,True,True,swr,False
12745,GC_complex_swr_ratID9_veh,176,swr,1,cswr,2,/data/local-files/?d=Desktop/ripple-classifier-data-labeling/labeling_data_400_v2/12745_id.csv,cswr,3,cswr,ratID9,False,False,False,False,True,False,cswr,True
12809,GC_ripple_ratID9_veh,61,ripple,1,ripple,2,/data/local-files/?d=Desktop/ripple-classifier-data-labeling/labeling_data_400_v2/12809_id.csv,discarded,3,ripple,ratID9,False,False,True,False,False,False,ripple,True
12828,GC_ripple_ratID9_veh,80,swr,1,cswr,2,/data/local-files/?d=Desktop/ripple-classifier-data-labeling/labeling_data_400_v2/12828_id.csv,ripple,3,ripple,ratID9,False,False,False,False,False,False,discarded_agreement,False
12844,GC_ripple_ratID9_veh,96,swr,1,swr,2,/data/local-files/?d=Desktop/ripple-classifier-data-labeling/labeling_data_400_v2/12844_id.csv,sw,3,ripple,ratID9,False,False,True,False,False,False,swr,False
12852,GC_ripple_ratID9_veh,104,discarded,1,discarded,2,/data/local-files/?d=Desktop/ripple-classifier-data-labeling/labeling_data_400_v2/12852_id.csv,discarded,3,ripple,ratID9,True,False,True,True,True,True,discarded,False
12871,GC_ripple_ratID9_veh,123,discarded,1,ripple,2,/data/local-files/?d=Desktop/ripple-classifier-data-labeling/labeling_data_400_v2/12871_id.csv,discarded,3,ripple,ratID9,False,False,False,True,False,False,discarded,False
12872,GC_ripple_ratID9_veh,124,discarded,1,ripple,2,/data/local-files/?d=Desktop/ripple-classifier-data-labeling/labeling_data_400_v2/12872_id.csv,discarded,3,ripple,ratID9,False,False,False,True,False,False,discarded,False
12899,GC_ripple_ratID9_veh,151,swr,1,swr,2,/data/local-files/?d=Desktop/ripple-classifier-data-labeling/labeling_data_400_v2/12899_id.csv,swr,3,ripple,ratID9,True,False,True,True,True,True,swr,False
12923,GC_ripple_ratID9_veh,175,swr,1,discarded,2,/data/local-files/?d=Desktop/ripple-classifier-data-labeling/labeling_data_400_v2/12923_id.csv,discarded,3,ripple,ratID9,False,False,False,False,True,False,discarded,False
13185,GC_ripple_ratID9_veh,437,discarded,1,ripple,2,/data/local-files/?d=Desktop/ripple-classifier-data-labeling/labeling_data_400_v2/13185_id.csv,discarded,3,ripple,ratID9,False,False,False,True,False,False,discarded,False
13217,GC_ripple_ratID9_veh,469,swr,1,discarded,2,/data/local-files/?d=Desktop/ripple-classifier-data-labeling/labeling_data_400_v2/13217_id.csv,discarded,3,ripple,ratID9,False,False,False,False,True,False,discarded,False
13445,GC_ripple_ratID9_veh,697,discarded,1,ripple,2,/data/local-files/?d=Desktop/ripple-classifier-data-labeling/labeling_data_400_v2/13445_id.csv,ripple,3,ripple,ratID9,False,False,False,False,True,False,ripple,True
13516,GC_ripple_ratID9_veh,768,swr,1,cswr,2,/data/local-files/?d=Desktop/ripple-classifier-data-labeling/labeling_data_400_v2/13516_id.csv,discarded,3,ripple,ratID9,False,False,False,False,False,False,discarded_agreement,False
13897,GC_sw_ratID9_veh,359,discarded,1,discarded,2,/data/local-files/?d=Desktop/ripple-classifier-data-labeling/labeling_data_400_v2/13897_id.csv,discarded,3,sw,ratID9,True,False,True,True,True,True,discarded,False
14390,GC_sw_ratID9_veh,852,sw,1,sw,2,/data/local-files/?d=Desktop/ripple-classifier-data-labeling/labeling_data_400_v2/14390_id.csv,sw,3,sw,ratID9,True,False,True,True,True,True,sw,True
14521,GC_sw_ratID9_veh,983,swr,1,swr,2,/data/local-files/?d=Desktop/ripple-classifier-data-labeling/labeling_data_400_v2/14521_id.csv,sw,3,sw,ratID9,False,False,True,False,False,False,swr,False
14556,GC_sw_ratID9_veh,1018,sw,1,discarded,2,/data/local-files/?d=Desktop/ripple-classifier-data-labeling/labeling_data_400_v2/14556_id.csv,discarded,3,sw,ratID9,False,False,False,False,True,False,discarded,False
14563,GC_sw_ratID9_veh,1025,sw,1,swr,2,/data/local-files/?d=Desktop/ripple-classifier-data-labeling/labeling_data_400_v2/14563_id.csv,sw,3,sw,ratID9,False,False,False,True,False,False,sw,True
14580,GC_sw_ratID9_veh,1042,sw,1,discarded,2,/data/local-files/?d=Desktop/ripple-classifier-data-labeling/labeling_data_400_v2/14580_id.csv,discarded,3,sw,ratID9,False,False,False,False,True,False,discarded,False
14626,GC_sw_ratID9_veh,1088,discarded,1,ripple,2,/data/local-files/?d=Desktop/ripple-classifier-data-labeling/labeling_data_400_v2/14626_id.csv,discarded,3,sw,ratID9,False,False,False,True,False,False,discarded,False
14878,GC_sw_ratID9_veh,1340,swr,1,cswr,2,/data/local-files/?d=Desktop/ripple-classifier-data-labeling/labeling_data_400_v2/14878_id.csv,cswr,3,sw,ratID9,False,False,False,False,True,False,cswr,False
15111,GC_swr_ratID9_veh,23,swr,1,swr,2,/data/local-files/?d=Desktop/ripple-classifier-data-labeling/labeling_data_400_v2/15111_id.csv,swr,3,swr,ratID9,True,False,True,True,True,True,swr,True
15203,GC_swr_ratID9_veh,115,swr,1,cswr,2,/data/local-files/?d=Desktop/ripple-classifier-data-labeling/labeling_data_400_v2/15203_id.csv,cswr,3,swr,ratID9,False,False,False,False,True,False,cswr,False
15240,GC_swr_ratID9_veh,152,cswr,1,cswr,2,/data/local-files/?d=Desktop/ripple-classifier-data-labeling/labeling_data_400_v2/15240_id.csv,discarded,3,swr,ratID9,False,False,True,False,False,False,cswr,False
15433,GC_swr_ratID9_veh,345,swr,1,swr,2,/data/local-files/?d=Desktop/ripple-classifier-data-labeling/labeling_data_400_v2/15433_id.csv,cswr,3,swr,ratID9,False,False,True,False,False,False,swr,True
15478,GC_swr_ratID9_veh,390,swr,1,swr,2,/data/local-files/?d=Desktop/ripple-classifier-data-labeling/labeling_data_400_v2/15478_id.csv,swr,3,swr,ratID9,True,False,True,True,True,True,swr,True
15666,GC_swr_ratID9_veh,578,swr,1,swr,2,/data/local-files/?d=Desktop/ripple-classifier-data-labeling/labeling_data_400_v2/15666_id.csv,cswr,3,swr,ratID9,False,False,True,False,False,False,swr,True
15719,GC_swr_ratID9_veh,631,swr,1,discarded,2,/data/local-files/?d=Desktop/ripple-classifier-data-labeling/labeling_data_400_v2/15719_id.csv,discarded,3,swr,ratID9,False,False,False,False,True,False,discarded,False
15793,GC_swr_ratID9_veh,705,cswr,1,swr,2,/data/local-files/?d=Desktop/ripple-classifier-data-labeling/labeling_data_400_v2/15793_id.csv,swr,3,swr,ratID9,False,False,False,False,True,False,swr,True
15844,GC_swr_ratID9_veh,756,swr,1,cswr,2,/data/local-files/?d=Desktop/ripple-classifier-data-labeling/labeling_data_400_v2/15844_id.csv,swr,3,swr,ratID9,False,False,False,True,False,False,swr,True
15893,GC_swr_ratID9_veh,805,swr,1,swr,2,/data/local-files/?d=Desktop/ripple-classifier-data-labeling/labeling_data_400_v2/15893_id.csv,ripple,3,swr,ratID9,False,False,True,False,False,False,swr,True
15992,GC_complex_swr_ratID211_veh,23,swr,1,swr,2,/data/local-files/?d=Desktop/ripple-classifier-data-labeling/labeling_data_400_v2/15992_id.csv,swr,3,cswr,ratID211,True,False,True,True,True,True,swr,False
15995,GC_complex_swr_ratID211_veh,26,cswr,1,cswr,2,/data/local-files/?d=Desktop/ripple-classifier-data-labeling/labeling_data_400_v2/15995_id.csv,discarded,3,cswr,ratID211,False,False,True,False,False,False,cswr,True
16009,GC_complex_swr_ratID211_veh,40,swr,1,swr,2,/data/local-files/?d=Desktop/ripple-classifier-data-labeling/labeling_data_400_v2/16009_id.csv,ripple,3,cswr,ratID211,False,False,True,False,False,False,swr,False
16022,GC_complex_swr_ratID211_veh,53,swr,1,cswr,2,/data/local-files/?d=Desktop/ripple-classifier-data-labeling/labeling_data_400_v2/16022_id.csv,cswr,3,cswr,ratID211,False,False,False,False,True,False,cswr,True
16085,GC_complex_swr_ratID211_veh,116,cswr,1,cswr,2,/data/local-files/?d=Desktop/ripple-classifier-data-labeling/labeling_data_400_v2/16085_id.csv,cswr,3,cswr,ratID211,True,False,True,True,True,True,cswr,True
16132,GC_complex_swr_ratID211_veh,163,swr,1,cswr,2,/data/local-files/?d=Desktop/ripple-classifier-data-labeling/labeling_data_400_v2/16132_id.csv,cswr,3,cswr,ratID211,False,False,False,False,True,False,cswr,True
16153,GC_complex_swr_ratID211_veh,184,swr,1,cswr,2,/data/local-files/?d=Desktop/ripple-classifier-data-labeling/labeling_data_400_v2/16153_id.csv,cswr,3,cswr,ratID211,False,False,False,False,True,False,cswr,True
16166,GC_complex_swr_ratID211_veh,197,swr,1,swr,2,/data/local-files/?d=Desktop/ripple-classifier-data-labeling/labeling_data_400_v2/16166_id.csv,swr,3,cswr,ratID211,True,False,True,True,True,True,swr,False
16206,GC_complex_swr_ratID211_veh,237,swr,1,swr,2,/data/local-files/?d=Desktop/ripple-classifier-data-labeling/labeling_data_400_v2/16206_id.csv,swr,3,cswr,ratID211,True,False,True,True,True,True,swr,False
16220,GC_complex_swr_ratID211_veh,251,sw,1,discarded,2,/data/local-files/?d=Desktop/ripple-classifier-data-labeling/labeling_data_400_v2/16220_id.csv,sw,3,cswr,ratID211,False,False,False,True,False,False,sw,False
16236,GC_complex_swr_ratID211_veh,267,cswr,1,cswr,2,/data/local-files/?d=Desktop/ripple-classifier-data-labeling/labeling_data_400_v2/16236_id.csv,cswr,3,cswr,ratID211,True,False,True,True,True,True,cswr,True
16259,GC_ripple_ratID211_veh,14,cswr,1,cswr,2,/data/local-files/?d=Desktop/ripple-classifier-data-labeling/labeling_data_400_v2/16259_id.csv,cswr,3,ripple,ratID211,True,False,True,True,True,True,cswr,False
16267,GC_ripple_ratID211_veh,22,ripple,1,ripple,2,/data/local-files/?d=Desktop/ripple-classifier-data-labeling/labeling_data_400_v2/16267_id.csv,ripple,3,ripple,ratID211,True,False,True,True,True,True,ripple,True
16299,GC_ripple_ratID211_veh,54,swr,1,discarded,2,/data/local-files/?d=Desktop/ripple-classifier-data-labeling/labeling_data_400_v2/16299_id.csv,discarded,3,ripple,ratID211,False,False,False,False,True,False,discarded,False
16304,GC_ripple_ratID211_veh,59,cswr,1,cswr,2,/data/local-files/?d=Desktop/ripple-classifier-data-labeling/labeling_data_400_v2/16304_id.csv,discarded,3,ripple,ratID211,False,False,True,False,False,False,cswr,False
16312,GC_ripple_ratID211_veh,67,discarded,1,discarded,2,/data/local-files/?d=Desktop/ripple-classifier-data-labeling/labeling_data_400_v2/16312_id.csv,discarded,3,ripple,ratID211,True,False,True,True,True,True,discarded,False
16361,GC_ripple_ratID211_veh,116,cswr,1,cswr,2,/data/local-files/?d=Desktop/ripple-classifier-data-labeling/labeling_data_400_v2/16361_id.csv,cswr,3,ripple,ratID211,True,False,True,True,True,True,cswr,False
16368,GC_ripple_ratID211_veh,123,sw,1,swr,2,/data/local-files/?d=Desktop/ripple-classifier-data-labeling/labeling_data_400_v2/16368_id.csv,discarded,3,ripple,ratID211,False,False,False,False,False,False,discarded_agreement,False
16371,GC_ripple_ratID211_veh,126,ripple,1,cswr,2,/data/local-files/?d=Desktop/ripple-classifier-data-labeling/labeling_data_400_v2/16371_id.csv,cswr,3,ripple,ratID211,False,False,False,False,True,False,cswr,False
16383,GC_ripple_ratID211_veh,138,ripple,1,cswr,2,/data/local-files/?d=Desktop/ripple-classifier-data-labeling/labeling_data_400_v2/16383_id.csv,discarded,3,ripple,ratID211,False,False,False,False,False,False,discarded_agreement,False
16385,GC_ripple_ratID211_veh,140,ripple,1,cswr,2,/data/local-files/?d=Desktop/ripple-classifier-data-labeling/labeling_data_400_v2/16385_id.csv,cswr,3,ripple,ratID211,False,False,False,False,True,False,cswr,False
16403,GC_ripple_ratID211_veh,158,cswr,1,cswr,2,/data/local-files/?d=Desktop/ripple-classifier-data-labeling/labeling_data_400_v2/16403_id.csv,cswr,3,ripple,ratID211,True,False,True,True,True,True,cswr,False
16487,GC_sw_ratID211_veh,81,swr,1,swr,2,/data/local-files/?d=Desktop/ripple-classifier-data-labeling/labeling_data_400_v2/16487_id.csv,swr,3,sw,ratID211,True,False,True,True,True,True,swr,False
16505,GC_sw_ratID211_veh,99,swr,1,sw,2,/data/local-files/?d=Desktop/ripple-classifier-data-labeling/labeling_data_400_v2/16505_id.csv,sw,3,sw,ratID211,False,False,False,False,True,False,sw,True
16588,GC_sw_ratID211_veh,182,swr,1,sw,2,/data/local-files/?d=Desktop/ripple-classifier-data-labeling/labeling_data_400_v2/16588_id.csv,discarded,3,sw,ratID211,False,False,False,False,False,False,discarded_agreement,False
16653,GC_sw_ratID211_veh,247,cswr,1,discarded,2,/data/local-files/?d=Desktop/ripple-classifier-data-labeling/labeling_data_400_v2/16653_id.csv,sw,3,sw,ratID211,False,False,False,False,False,False,discarded_agreement,False
16654,GC_sw_ratID211_veh,248,sw,1,sw,2,/data/local-files/?d=Desktop/ripple-classifier-data-labeling/labeling_data_400_v2/16654_id.csv,swr,3,sw,ratID211,False,False,True,False,False,False,sw,True
16834,GC_sw_ratID211_veh,428,swr,1,cswr,2,/data/local-files/?d=Desktop/ripple-classifier-data-labeling/labeling_data_400_v2/16834_id.csv,sw,3,sw,ratID211,False,False,False,False,False,False,discarded_agreement,False
16977,GC_sw_ratID211_veh,571,sw,1,swr,2,/data/local-files/?d=Desktop/ripple-classifier-data-labeling/labeling_data_400_v2/16977_id.csv,cswr,3,sw,ratID211,False,False,False,False,False,False,discarded_agreement,False
17071,GC_sw_ratID211_veh,665,swr,1,sw,2,/data/local-files/?d=Desktop/ripple-classifier-data-labeling/labeling_data_400_v2/17071_id.csv,swr,3,sw,ratID211,False,False,False,True,False,False,swr,False
17179,GC_sw_ratID211_veh,773,sw,1,sw,2,/data/local-files/?d=Desktop/ripple-classifier-data-labeling/labeling_data_400_v2/17179_id.csv,sw,3,sw,ratID211,True,False,True,True,True,True,sw,True
17181,GC_sw_ratID211_veh,775,swr,1,cswr,2,/data/local-files/?d=Desktop/ripple-classifier-data-labeling/labeling_data_400_v2/17181_id.csv,discarded,3,sw,ratID211,False,False,False,False,False,False,discarded_agreement,False
17263,GC_swr_ratID211_veh,38,swr,1,swr,2,/data/local-files/?d=Desktop/ripple-classifier-data-labeling/labeling_data_400_v2/17263_id.csv,swr,3,swr,ratID211,True,False,True,True,True,True,swr,True
17289,GC_swr_ratID211_veh,64,cswr,1,cswr,2,/data/local-files/?d=Desktop/ripple-classifier-data-labeling/labeling_data_400_v2/17289_id.csv,cswr,3,swr,ratID211,True,False,True,True,True,True,cswr,False
17306,GC_swr_ratID211_veh,81,discarded,1,ripple,2,/data/local-files/?d=Desktop/ripple-classifier-data-labeling/labeling_data_400_v2/17306_id.csv,discarded,3,swr,ratID211,False,False,False,True,False,False,discarded,False
17349,GC_swr_ratID211_veh,124,swr,1,swr,2,/data/local-files/?d=Desktop/ripple-classifier-data-labeling/labeling_data_400_v2/17349_id.csv,swr,3,swr,ratID211,True,False,True,True,True,True,swr,True
17371,GC_swr_ratID211_veh,146,ripple,1,cswr,2,/data/local-files/?d=Desktop/ripple-classifier-data-labeling/labeling_data_400_v2/17371_id.csv,ripple,3,swr,ratID211,False,False,False,True,False,False,ripple,False
17381,GC_swr_ratID211_veh,156,cswr,1,cswr,2,/data/local-files/?d=Desktop/ripple-classifier-data-labeling/labeling_data_400_v2/17381_id.csv,cswr,3,swr,ratID211,True,False,True,True,True,True,cswr,False
17398,GC_swr_ratID211_veh,173,cswr,1,cswr,2,/data/local-files/?d=Desktop/ripple-classifier-data-labeling/labeling_data_400_v2/17398_id.csv,cswr,3,swr,ratID211,True,False,True,True,True,True,cswr,False
17399,GC_swr_ratID211_veh,174,swr,1,swr,2,/data/local-files/?d=Desktop/ripple-classifier-data-labeling/labeling_data_400_v2/17399_id.csv,cswr,3,swr,ratID211,False,False,True,False,False,False,swr,True
17552,GC_swr_ratID211_veh,327,swr,1,discarded,2,/data/local-files/?d=Desktop/ripple-classifier-data-labeling/labeling_data_400_v2/17552_id.csv,discarded,3,swr,ratID211,False,False,False,False,True,False,discarded,False
17579,GC_swr_ratID211_veh,354,swr,1,swr,2,/data/local-files/?d=Desktop/ripple-classifier-data-labeling/labeling_data_400_v2/17579_id.csv,swr,3,swr,ratID211,True,False,True,True,True,True,swr,True
17716,GC_complex_swr_ratID213_veh,3,swr,1,swr,2,/data/local-files/?d=Desktop/ripple-classifier-data-labeling/labeling_data_400_v2/17716_id.csv,swr,3,cswr,ratID213,True,False,True,True,True,True,swr,False
17725,GC_complex_swr_ratID213_veh,12,cswr,1,cswr,2,/data/local-files/?d=Desktop/ripple-classifier-data-labeling/labeling_data_400_v2/17725_id.csv,cswr,3,cswr,ratID213,True,False,True,True,True,True,cswr,True
17733,GC_complex_swr_ratID213_veh,20,sw,1,swr,2,/data/local-files/?d=Desktop/ripple-classifier-data-labeling/labeling_data_400_v2/17733_id.csv,sw,3,cswr,ratID213,False,False,False,True,False,False,sw,False
17739,GC_complex_swr_ratID213_veh,26,swr,1,swr,2,/data/local-files/?d=Desktop/ripple-classifier-data-labeling/labeling_data_400_v2/17739_id.csv,cswr,3,cswr,ratID213,False,False,True,False,False,False,swr,False
17758,GC_complex_swr_ratID213_veh,45,swr,1,cswr,2,/data/local-files/?d=Desktop/ripple-classifier-data-labeling/labeling_data_400_v2/17758_id.csv,cswr,3,cswr,ratID213,False,False,False,False,True,False,cswr,True
17762,GC_complex_swr_ratID213_veh,49,swr,1,swr,2,/data/local-files/?d=Desktop/ripple-classifier-data-labeling/labeling_data_400_v2/17762_id.csv,swr,3,cswr,ratID213,True,False,True,True,True,True,swr,False
17792,GC_complex_swr_ratID213_veh,79,discarded,1,discarded,2,/data/local-files/?d=Desktop/ripple-classifier-data-labeling/labeling_data_400_v2/17792_id.csv,discarded,3,cswr,ratID213,True,False,True,True,True,True,discarded,False
17795,GC_complex_swr_ratID213_veh,82,swr,1,cswr,2,/data/local-files/?d=Desktop/ripple-classifier-data-labeling/labeling_data_400_v2/17795_id.csv,cswr,3,cswr,ratID213,False,False,False,False,True,False,cswr,True
17800,GC_complex_swr_ratID213_veh,87,discarded,1,discarded,2,/data/local-files/?d=Desktop/ripple-classifier-data-labeling/labeling_data_400_v2/17800_id.csv,swr,3,cswr,ratID213,False,False,True,False,False,False,discarded,False
17811,GC_complex_swr_ratID213_veh,98,discarded,1,swr,2,/data/local-files/?d=Desktop/ripple-classifier-data-labeling/labeling_data_400_v2/17811_id.csv,discarded,3,cswr,ratID213,False,False,False,True,False,False,discarded,False
17827,GC_ripple_ratID213_veh,7,discarded,1,swr,2,/data/local-files/?d=Desktop/ripple-classifier-data-labeling/labeling_data_400_v2/17827_id.csv,swr,3,ripple,ratID213,False,False,False,False,True,False,swr,False
17829,GC_ripple_ratID213_veh,9,swr,1,discarded,2,/data/local-files/?d=Desktop/ripple-classifier-data-labeling/labeling_data_400_v2/17829_id.csv,discarded,3,ripple,ratID213,False,False,False,False,True,False,discarded,False
17830,GC_ripple_ratID213_veh,10,discarded,1,discarded,2,/data/local-files/?d=Desktop/ripple-classifier-data-labeling/labeling_data_400_v2/17830_id.csv,discarded,3,ripple,ratID213,True,False,True,True,True,True,discarded,False
17832,GC_ripple_ratID213_veh,12,swr,1,discarded,2,/data/local-files/?d=Desktop/ripple-classifier-data-labeling/labeling_data_400_v2/17832_id.csv,discarded,3,ripple,ratID213,False,False,False,False,True,False,discarded,False
17836,GC_ripple_ratID213_veh,16,sw,1,discarded,2,/data/local-files/?d=Desktop/ripple-classifier-data-labeling/labeling_data_400_v2/17836_id.csv,discarded,3,ripple,ratID213,False,False,False,False,True,False,discarded,False
17838,GC_ripple_ratID213_veh,18,swr,1,discarded,2,/data/local-files/?d=Desktop/ripple-classifier-data-labeling/labeling_data_400_v2/17838_id.csv,cswr,3,ripple,ratID213,False,False,False,False,False,False,discarded_agreement,False
17848,GC_ripple_ratID213_veh,28,discarded,1,discarded,2,/data/local-files/?d=Desktop/ripple-classifier-data-labeling/labeling_data_400_v2/17848_id.csv,discarded,3,ripple,ratID213,True,False,True,True,True,True,discarded,False
17849,GC_ripple_ratID213_veh,29,discarded,1,discarded,2,/data/local-files/?d=Desktop/ripple-classifier-data-labeling/labeling_data_400_v2/17849_id.csv,discarded,3,ripple,ratID213,True,False,True,True,True,True,discarded,False
17858,GC_ripple_ratID213_veh,38,discarded,1,discarded,2,/data/local-files/?d=Desktop/ripple-classifier-data-labeling/labeling_data_400_v2/17858_id.csv,discarded,3,ripple,ratID213,True,False,True,True,True,True,discarded,False
17859,GC_ripple_ratID213_veh,39,discarded,1,cswr,2,/data/local-files/?d=Desktop/ripple-classifier-data-labeling/labeling_data_400_v2/17859_id.csv,cswr,3,ripple,ratID213,False,False,False,False,True,False,cswr,False
17861,GC_ripple_ratID213_veh,41,discarded,1,discarded,2,/data/local-files/?d=Desktop/ripple-classifier-data-labeling/labeling_data_400_v2/17861_id.csv,discarded,3,ripple,ratID213,True,False,True,True,True,True,discarded,False
17867,GC_ripple_ratID213_veh,47,swr,1,cswr,2,/data/local-files/?d=Desktop/ripple-classifier-data-labeling/labeling_data_400_v2/17867_id.csv,cswr,3,ripple,ratID213,False,False,False,False,True,False,cswr,False
17893,GC_sw_ratID213_veh,19,sw,1,sw,2,/data/local-files/?d=Desktop/ripple-classifier-data-labeling/labeling_data_400_v2/17893_id.csv,sw,3,sw,ratID213,True,False,True,True,True,True,sw,True
17905,GC_sw_ratID213_veh,31,sw,1,sw,2,/data/local-files/?d=Desktop/ripple-classifier-data-labeling/labeling_data_400_v2/17905_id.csv,sw,3,sw,ratID213,True,False,True,True,True,True,sw,True
17922,GC_sw_ratID213_veh,48,sw,1,sw,2,/data/local-files/?d=Desktop/ripple-classifier-data-labeling/labeling_data_400_v2/17922_id.csv,sw,3,sw,ratID213,True,False,True,True,True,True,sw,True
17930,GC_sw_ratID213_veh,56,discarded,1,discarded,2,/data/local-files/?d=Desktop/ripple-classifier-data-labeling/labeling_data_400_v2/17930_id.csv,swr,3,sw,ratID213,False,False,True,False,False,False,discarded,False
17999,GC_sw_ratID213_veh,125,sw,1,sw,2,/data/local-files/?d=Desktop/ripple-classifier-data-labeling/labeling_data_400_v2/17999_id.csv,sw,3,sw,ratID213,True,False,True,True,True,True,sw,True
18064,GC_sw_ratID213_veh,190,swr,1,sw,2,/data/local-files/?d=Desktop/ripple-classifier-data-labeling/labeling_data_400_v2/18064_id.csv,cswr,3,sw,ratID213,False,False,False,False,False,False,discarded_agreement,False
18115,GC_sw_ratID213_veh,241,swr,1,swr,2,/data/local-files/?d=Desktop/ripple-classifier-data-labeling/labeling_data_400_v2/18115_id.csv,cswr,3,sw,ratID213,False,False,True,False,False,False,swr,False
18147,GC_sw_ratID213_veh,273,sw,1,sw,2,/data/local-files/?d=Desktop/ripple-classifier-data-labeling/labeling_data_400_v2/18147_id.csv,sw,3,sw,ratID213,True,False,True,True,True,True,sw,True
18203,GC_sw_ratID213_veh,329,swr,1,sw,2,/data/local-files/?d=Desktop/ripple-classifier-data-labeling/labeling_data_400_v2/18203_id.csv,cswr,3,sw,ratID213,False,False,False,False,False,False,discarded_agreement,False
18254,GC_sw_ratID213_veh,380,swr,1,sw,2,/data/local-files/?d=Desktop/ripple-classifier-data-labeling/labeling_data_400_v2/18254_id.csv,cswr,3,sw,ratID213,False,False,False,False,False,False,discarded_agreement,False
18267,GC_sw_ratID213_veh,393,swr,1,swr,2,/data/local-files/?d=Desktop/ripple-classifier-data-labeling/labeling_data_400_v2/18267_id.csv,cswr,3,sw,ratID213,False,False,True,False,False,False,swr,False
18275,GC_sw_ratID213_veh,401,swr,1,sw,2,/data/local-files/?d=Desktop/ripple-classifier-data-labeling/labeling_data_400_v2/18275_id.csv,swr,3,sw,ratID213,False,False,False,True,False,False,swr,False
18383,GC_swr_ratID213_veh,11,swr,1,swr,2,/data/local-files/?d=Desktop/ripple-classifier-data-labeling/labeling_data_400_v2/18383_id.csv,swr,3,swr,ratID213,True,False,True,True,True,True,swr,True
18387,GC_swr_ratID213_veh,15,cswr,1,swr,2,/data/local-files/?d=Desktop/ripple-classifier-data-labeling/labeling_data_400_v2/18387_id.csv,cswr,3,swr,ratID213,False,False,False,True,False,False,cswr,False
18391,GC_swr_ratID213_veh,19,swr,1,swr,2,/data/local-files/?d=Desktop/ripple-classifier-data-labeling/labeling_data_400_v2/18391_id.csv,cswr,3,swr,ratID213,False,False,True,False,False,False,swr,True
18399,GC_swr_ratID213_veh,27,swr,1,swr,2,/data/local-files/?d=Desktop/ripple-classifier-data-labeling/labeling_data_400_v2/18399_id.csv,swr,3,swr,ratID213,True,False,True,True,True,True,swr,True
18403,GC_swr_ratID213_veh,31,swr,1,swr,2,/data/local-files/?d=Desktop/ripple-classifier-data-labeling/labeling_data_400_v2/18403_id.csv,cswr,3,swr,ratID213,False,False,True,False,False,False,swr,True
18437,GC_swr_ratID213_veh,65,discarded,1,discarded,2,/data/local-files/?d=Desktop/ripple-classifier-data-labeling/labeling_data_400_v2/18437_id.csv,discarded,3,swr,ratID213,True,False,True,True,True,True,discarded,False
18466,GC_swr_ratID213_veh,94,swr,1,cswr,2,/data/local-files/?d=Desktop/ripple-classifier-data-labeling/labeling_data_400_v2/18466_id.csv,cswr,3,swr,ratID213,False,False,False,False,True,False,cswr,False
18470,GC_swr_ratID213_veh,98,swr,1,swr,2,/data/local-files/?d=Desktop/ripple-classifier-data-labeling/labeling_data_400_v2/18470_id.csv,swr,3,swr,ratID213,True,False,True,True,True,True,swr,True
18474,GC_swr_ratID213_veh,102,swr,1,cswr,2,/data/local-files/?d=Desktop/ripple-classifier-data-labeling/labeling_data_400_v2/18474_id.csv,cswr,3,swr,ratID213,False,False,False,False,True,False,cswr,False
18498,GC_swr_ratID213_veh,126,swr,1,swr,2,/data/local-files/?d=Desktop/ripple-classifier-data-labeling/labeling_data_400_v2/18498_id.csv,cswr,3,swr,ratID213,False,False,True,False,False,False,swr,True
18503,GC_swr_ratID213_veh,131,sw,1,cswr,2,/data/local-files/?d=Desktop/ripple-classifier-data-labeling/labeling_data_400_v2/18503_id.csv,discarded,3,swr,ratID213,False,False,False,False,False,False,discarded_agreement,False
